,taxa1017280,taxa102106,taxa1263,taxa1301,taxa133925,taxa1348911,taxa1350,taxa135858,taxa1485,taxa1578,taxa1678,taxa1730,taxa189330,taxa207244,taxa216851,taxa2172,taxa239759,taxa239934,taxa244127,taxa283168,taxa292632,taxa29465,taxa29521,taxa33024,taxa33042,taxa35832,taxa375288,taxa397864,taxa39948,taxa40544,taxa447020,taxa459786,taxa52225,taxa561,taxa572511,taxa577309,taxa577310,taxa61170,taxa724,taxa816,taxa830,taxa838,taxa841,taxa846,taxa872,taxa904,taxa906,taxa946234,condition
0,,,,,,0.00013159087549481844,,,,,,0.17824285244099544,0.0183137951339348,,,,,,,0.006796377769737814,0.0035542807767475542,0.00048256793519317826,,,0.002506862326338837,,0.07683702495591857,0.004641513378779997,0.04436256114024463,,,,,,0.002882034139716229,,,,,0.6484918807715208,,,0.01275665835537744,,,,,,Control
1,,,0.06555773786846784,,,0.007843924074447665,,,,,,0.06008627476318649,0.00521171263576513,,,,0.0031696158563608917,,,0.003052593118842993,,,,,0.00629572325902923,,0.028962727457945075,,0.08341490751653047,,,,,,0.0018370569401634739,,,,,0.7275623653675909,,,0.007005361141669828,,,,,,Control
2,,,0.019131719802260465,,,,,0.012319758562309158,,,,0.14604224944327907,0.011984811123871357,,0.009959735270977002,,0.017530064008111065,,,,0.017403382409447415,,,,0.002574639355678231,,0.09821418769326477,0.033887489088914986,0.06500520395522123,0.006611121933998565,,,,,0.006142496886775496,0.21227293910995687,,,,0.3136763387403523,,,0.01298211927443841,,,0.014261743341143754,,,Control
3,,0.002538738763436029,0.014869247947884988,,,0.00042907974781157646,,,0.03226829972834764,,0.0010716840364768552,0.12189479423514199,0.009499862168538178,,0.03143653889207872,0.0055681879909452595,0.0548337722110451,0.09723022220056178,,0.005407968435326078,0.2380783400522998,,,,0.0030112747658768897,,0.02881626888456018,0.0344994941103068,0.00024631979843608244,0.0026112335433549757,,0.001406337810444426,,0.021193249862803118,0.005069456395760579,0.007039913249944029,,,,0.10482095363126252,0.10153533587471195,0.020004091792199905,0.05334742615609627,,0.00127190771434823,,,,Control
4,,,,,,6.850862301620158e-05,,,,,,0.17974899291817448,0.006702393170379425,,,,,,,,0.006324176926153887,0.0016240394731281513,,,0.0025492099161975364,,0.07786724549021214,0.004593624786176582,0.04534946542498504,,,,,,0.00895740111525147,,,,,0.6587114237419471,,,0.007503518414378054,,,,,,Control
5,,0.0006548923722346756,0.06943102983556344,6.442141414743539e-05,,0.009103133051576676,,,,0.017847078582742967,0.009761311033276066,0.12452107841681968,0.003171434535815548,0.0018245693416729923,0.07973317565537054,,0.07646774922022513,0.003844515103301322,,0.003138813127558742,0.10627573702967526,0.0008912215673037737,,,6.993654432034879e-05,0.002382653577893762,0.02321764193920894,0.021892485236172547,0.05218275357776469,0.018204857984811335,0.0006114753900223785,0.004222712221328979,,0.0012915965492182534,0.009371731625317077,,,0.00010220592299165067,,0.3247332114450451,0.00039216095825269406,0.00044789897595767,0.03414651776441031,,,,,,Control
6,,0.00012797535164996257,0.00025595070329992515,0.0017916526237211176,4.265852719593284e-05,,0.0001706345686594032,,,4.265852719593284e-05,0.0013650719505185073,0.0019196360231953369,,,0.0031567245742396247,,0.015101052405263481,0.00046924333927958944,8.531705439186568e-05,0.01271222822786917,,4.265852719593284e-05,,,,0.0008531705439186569,0.04423682050170188,0.035491824725914,,0.0011091212472185822,,0.003881925514954217,,,8.531705439186568e-05,0.05571198317231035,0.0011091212472185822,,0.00012797535164996257,0.3742859111788553,0.0005545606236092911,0.42974116875735874,0.0004265852719593284,,,0.015101052405263481,,,Control
7,,0.002631797701691648,0.05204475161718175,0.00550079297903366,,,,,0.0024125153507882895,,0.007197006458080216,0.22394952288173456,0.004964871827316071,0.0007307364242521774,0.08433146728352368,,0.016641708199276264,0.0014117197100640977,,0.0008312664282610928,0.10417549631314914,0.0010737873849791387,,,0.11542216254575549,,0.01833392914252206,0.010788650715360044,0.053007464608729446,0.0005493319770996336,,0.00012980859988116577,,,0.01330292454271133,,,0.00023453588511652265,0.01111777898714076,0.1733108604754107,,,0.09590511196094112,,,,,,Control
8,,,0.4051041567110864,,,,,,0.03987044236834477,,,0.2047471022990988,0.012073951766500566,0.0025285281828507228,,,0.0018616253104160926,,,0.005744446832316961,0.08059925156917548,,,0.0012118306351840634,0.00197916496156728,,0.043320701077024376,,,,,,,0.0011605060435762682,0.05170160558318623,,,,,0.13846023056991946,,,0.009636456089752558,,,,,,Control
9,,,,,,,,0.03831476339167406,0.1641536055574701,,,0.04540133385148306,0.0649326108566335,,,0.030890173555718724,,,,,0.13143789692661093,,0.003953370714135328,,0.011278136420723615,,,,,,,,,,0.0004246453519978967,,,,,0.0006800191477973225,0.3112753082449703,0.19263228792086134,0.0046258480599238065,,,,,,Control
10,,,0.10503743102098728,,,,,0.06612476979224334,,,,0.06576776812304183,0.07556802631398067,,,0.030979267659189628,0.0009847747327798766,0.005649124429453429,,,0.10284772358323031,,,,,,0.013172715907902734,0.0202671347262647,,,,,,0.006560895028595542,,,,,,0.4347713793803001,,,0.0722689893020305,,,,,,Control
11,,,,0.00030484864280276054,,0.0031759256789064437,,,,,,0.09800724823565385,0.014007235922682751,0.00038436991448641576,0.005497536379699194,,0.004296919089414744,,,0.002368297382877993,0.03461873911071619,,,,0.0026449288002446175,,0.045973555842402175,0.0012434048648548813,0.046634146741885235,6.0025734109597766e-05,,,,,0.012326412759521519,0.009276797642476466,,,,0.6191936645659369,,0.0610586897767453,0.03892725291458287,,,,,,Control
12,,0.0008606156003346908,7.171800357134012e-05,0.0007888972648723078,0.0003944491855878921,,3.5858946470496244e-05,,0.021873942965057513,7.171800357134012e-05,0.0013626450548748486,0.0007530386502928544,,,0.0013985003505438726,,0.0004840962751882636,,,0.00032273085012550913,,0.0001434355646212897,,,,0.00010757695004183635,0.0004840962751882636,0.00044823766060881026,0.027557577074888182,,,1.792952855042194e-05,1.792952855042194e-05,,3.5858946470496244e-05,0.0011116247960873877,,,0.00017929528550421938,0.004679597326819881,,0.9365655465941741,5.378847502091818e-05,,8.964742149141443e-05,5.378847502091818e-05,3.5858946470496244e-05,,Control
13,,,0.08754128659279384,0.0016900815894239345,,0.001131639867882903,,,0.034427053026846226,,0.0009370853026008985,0.059632910385592715,0.014128805797077178,0.002313305062395607,0.0077694146408851346,0.06500749333344498,0.011988286956994963,0.00873255916175135,,0.0023317244295228967,0.2559538511129065,0.0006894704013328922,,,0.011665215443802092,0.00013730800949434652,0.060787679117879766,0.048265649136173545,,0.0006308633241096956,,,0.0015957869883916128,,0.006316901025205229,0.026714152353283463,6.164208657939794e-05,,0.00041893594665081487,0.1072415323238962,0.10561204626610124,0.06684189485053102,0.009377550977691634,5.787448875790673e-05,,,,,Control
14,0.0003626869689637011,0.0035552517839346023,0.04609393796826847,0.00033939327067532824,0.0,0.00047547750804424364,,,0.00013976218973023752,,0.030902564401201253,0.25149123089316516,0.01067832168903832,1.5631297535618668e-05,0.07519328405898823,,0.04113626251589309,0.000796991843629812,0.0005126656930309443,0.008326884146033097,0.060431822256822205,,,,0.007674354097928546,0.0052063458981380885,0.024129512962483345,0.03238120341579609,0.07300306342782094,,0.0009210205704810605,0.004787672321007595,,0.0004908023095497522,0.020158550396375985,0.015038534213385597,3.0138776294166714e-05,0.00048334423948373815,,0.25920675762447193,,,0.02586734545320801,1.3690156011587591e-05,2.155688745108196e-05,,,0.0001339387651581443,Control
15,,0.00012022561600792929,0.005563141299088302,0.0019727842805549608,0.00015847831260612616,,0.00012022561600792929,,0.007541399768154993,0.006235311687643264,0.008738181739722555,0.00030602712470090103,0.0,,0.003869063167913527,,0.007885674037538764,,0.0011476031056072106,0.0014918884788216347,,6.01125859273516e-05,,,0.0,0.0011913188868864853,0.004087653178140554,0.003863600083232449,0.01139408478585594,0.0003661399327048657,,0.0008852939829517146,0.003410019704904513,,9.290130953801848e-05,0.004453790890079288,2.732386231668472e-05,0.0,0.0,0.038985771497881294,8.743644824403632e-05,0.876047823167297,0.00031695773559531766,,0.0035302519832108325,0.00012022561600792929,0.005929290114857688,,Control
16,,,0.00795171328032849,,,0.000528403323742451,,,,,0.00010605355210854093,0.2911109685365323,0.010590439716452063,7.512583577492298e-05,0.01140432121613922,,0.012569923234556564,,,0.007552394786815359,0.11270081766520965,,,,0.0007947984406727985,,0.07647821049162457,0.01558022095769538,0.0014003017097433818,,,,,,0.0108611120707477,,,,,0.3827875194600591,,,0.05750767572179751,,,,,,Control
17,,,0.03923581388934924,0.0018298627230106937,,0.0014651367243910208,,0.07464918356246594,,,,0.08458693751142898,0.026771133155930556,0.001881839238529579,0.02220543589765279,0.03819216552527947,,0.027396743420880564,,0.005654199017966623,0.11600334653076796,0.001486728681587303,,0.08651273975559019,0.025276502263204402,,0.011688038066843133,0.01528009387381638,,,,,,,0.024332800175228746,,,,0.0031213733998439815,0.299964595868123,,0.04356444481346163,0.04890088590464792,,,,,,Control
18,,0.001786525198787307,0.056311846117225665,9.68062811346309e-05,,0.0018393193415579866,,,0.00022802576558399876,0.006021289416775853,0.02168869162736975,0.013306370537478072,0.0051342048553660044,0.0006377164827908964,0.02776563444416498,,0.1304148077665188,0.0,,0.005416862857666277,0.11218500047943615,3.7885158545303866e-05,,,0.012699799535431967,0.004938141501169283,0.06659710502245897,0.024446955825394554,,0.0015820883055051014,,0.0019939234656485253,,,0.0030451089698678197,,,0.0008209131793684574,,0.16231697051891333,,0.3354082350489183,0.002652063214501581,,0.00044012138363951374,,,0.00018758769878092496,Control
19,,0.005279151928413082,0.026076834330114373,0.001084548874822373,,0.0002790723238439617,,,0.005315759889498718,0.00853492810186302,0.026534484547232024,0.07839833173160828,0.007010982286918596,0.00046900781169270455,0.12287193409593497,,0.04148980001811131,0.000697275181232224,0.000974217956093365,0.004053647192346848,0.0960013864377949,0.0006094566374644657,0.0003176070197235785,,0.03626986983283954,,0.06617918248237063,0.017972886379536538,0.13696853429126532,0.0004797569637012292,0.0,0.00037885690475328526,,,0.007350696053225746,,,0.00023191802493864106,0.00043828146208343114,0.27699043619551816,9.45114119994812e-05,,0.027943840345481804,,,0.0027028032875774386,,,Control
20,,0.0028330957417105275,0.013936312561061388,,,0.00031511616730044205,,,0.03666322697060763,,0.0016856375482578847,0.1190911268556177,0.008758968172555092,,0.030915764403367005,0.005530909203721381,0.05714638814113503,0.09823304050992267,,0.001665497780302595,0.24921945684673286,,,,0.0021916746471344825,,0.019172347081437394,0.03416498030015375,,0.002568532426297858,,0.0013526193649971846,,0.02073704430596376,0.00962741937862713,0.008020204866195143,,,,0.10346958361029752,0.10095801214387322,0.01800841089602133,0.05299169641435843,,0.0007429336623506873,,,,Control
21,,0.0005614821991436964,0.018049370378484548,,,0.0008899538604569832,,,0.013421996621753852,,0.001931079915396436,0.022863599880648174,0.003224634052985499,,0.0644684853755897,0.0007747702045399438,0.1545880557700353,0.0013377773417584471,0.0006146517066852777,0.0058407161515849435,0.20560333412460674,0.0001535104328638388,,,0.0015673313532859618,0.0012050060667119745,0.01820511738719144,0.04078152059708442,,,3.151538687933114e-05,0.002316990910860761,,0.2190258390590522,0.040396321239388334,,0.001227778475295749,0.00017973936775050796,,0.1652666887952125,,,0.015472733344753424,,,,,,Control
22,,0.0002175854904949814,0.08288811221421427,0.0067051506555906104,,0.0002475349021196947,,,,0.002447208634435472,0.00038331226824381477,0.13273217427100317,0.009642605027963507,0.0016156602056338662,0.00839467937647335,,0.026791658224550638,,,0.012990909047053944,0.08503854026969748,0.004239952273904054,,,0.08012713826738833,0.00016602828189270634,0.02144538674539543,0.004630199137456946,0.037665807178853865,0.00046994445891664343,,,,,0.017560304848829842,,,0.00022331406922856747,0.0001733648827269482,0.4408261937152064,,,0.022377235552725434,,,,,,Control
23,,,0.01937145569123544,0.00028746870362107826,,7.181252406047469e-05,,,,0.0014359225701407244,,0.054315845253082855,0.019043544622466147,0.0007205299217757215,0.005738990221910537,,0.0035829749447524495,0.0002517263971252255,,0.0009331255980278114,0.08370815390221824,0.00090612758669914,,,0.014675441275390428,0.00037545817374083786,0.09338054669770601,0.005401788339526115,,5.749374072421563e-05,,,,0.00019259310105716336,0.008620016872117525,,,,,0.24019813698419315,0.33189956040242125,0.0425514891425366,0.07227979733347092,,,,,,Control
24,,0.0003536999863973813,0.00487222993798203,0.008073209950061446,2.6527498979803594e-05,,5.30551137885806e-05,,0.000521708754054845,7.95826127683842e-05,0.008276594044491426,0.000663188053639957,,,0.00528782429461667,,0.008188170206181815,3.536999863973812e-05,0.00032717283490449794,0.005367410382254257,,0.0023874783830515264,,,8.842511242831874e-05,0.003245203514131564,0.02763285487316044,0.014952709665840483,0.007993635445321202,0.0029003459115651445,,0.0011848956494050677,,,0.00011495272723709576,0.02291097094267891,0.00029180329958065356,0.0,2.6527498979803594e-05,0.17088132619830518,5.30551137885806e-05,0.6900082524355956,0.00045981090894838304,3.536999863973812e-05,0.0,0.012635898539473125,7.074011310844967e-05,,Control
25,,,0.03209780333187431,,,0.00023906148986055782,,,,,,0.11669156675195225,0.007237062075886777,0.002078481003500137,0.0008592984118896141,,,,,,0.006507578290570817,,0.0026855917650396603,,0.003933817278678206,,,0.005923309115394971,,,,,,0.20612206192343724,0.023174908155634926,0.08792253704910476,,,,0.476948860168666,,,0.027578063188509753,,,,,,Control
26,1.6157906572770787e-05,0.005638666711525146,0.03753205020372243,,,0.0052244266820602086,,,0.08453949523585229,,0.0012191472520934447,0.10834839191201599,0.005549576884188977,0.0007580935618046567,0.10962774396668196,0.0041979569323174065,0.06642836336785665,0.00749848602628825,0.0022255856245097286,0.009203919863866317,0.24800615859715724,8.09002034568181e-05,,,0.009546224007904535,0.0007521173497845909,0.03465859892800037,0.01950159719799766,3.331184848221922e-05,1.250577700495273e-05,0.000735406090246999,0.0012686170071484347,,0.00032968769644030246,0.014063908283295465,0.04809887841994267,,0.0004565161959772568,,0.13684529490614247,,,0.03249034067064609,0.00013723153527558742,0.004974643153740046,,,0.0,Control
27,,,0.0009985989015412085,,,,,,,,,0.22035575760866666,,,0.009828289188881891,,0.0013050985643915788,,,,0.19856678157654029,,,,,,0.007334591931948874,0.0015451983002818695,,,,,,,,,,,,0.18006580192761787,0.3614126024461373,,0.01858727955399249,,,,,,Control
28,,,0.3563242496255441,,,,,,0.05342187087808684,,,0.24539256342020413,0.03878458819776574,0.003383073154955788,,,,,,0.010016876733618035,0.04470612518364072,,,,0.0006376513414740484,,0.021779595819338374,,,,,,,,0.046160791451476356,,,,,0.16145371702055564,,,0.01793889717334028,,,,,,Control
29,0.0,,0.04140908272812372,0.0002701252234307621,,0.0039027626870704046,,,0.030919577598963896,,,0.03283774263617485,0.004435450036491946,9.474312603871223e-05,0.005885827276637971,,0.028411797573492607,0.04307562146942603,4.742266502908573e-05,,0.029553518674871743,2.04408038918473e-05,,,,1.5943827035640895e-05,0.07135526924575786,,,,0.001262424048360489,0.010379124788143844,,0.0001288792685380972,0.017855348811586992,,,0.0028948266471634145,,0.6621583792323067,,2.2382680261572787e-05,0.012951088937835531,,,,,0.00011222001336624167,Control
30,,,,,,0.01050866490717079,0.003345229145664931,,,,,0.19919165576606898,0.018164275707891905,0.004222304896002443,0.0007622067795476694,,0.012625566077768931,,,0.011441118260506158,0.03957294058341834,,,,0.0014669263331261331,,0.030730666861314548,0.025581393631702237,,,,,,0.02455168665938777,0.00529346595970388,0.005508542021632707,,,,0.17858169414749453,0.4096434241417026,,0.018808238119895574,,,,,,Control
31,,,0.026904690596676006,0.006156252267829833,,0.008001633848524358,,,0.10539401429976941,0.002491551596653307,0.0013725495923130034,0.10455967759800902,0.015249140555683749,0.0008052410769110826,0.0016349719075563474,0.04662658135844439,0.0026246725057129656,0.02229960584977087,,0.007302889498861002,0.281498485342433,0.00012042667891304137,,,0.008297869998052055,0.00013233454082048763,0.08885916167304113,,,,,,,0.03698334764149068,0.018067484324872537,,0.0012403273898123973,8.178229687378183e-05,0.000653472006751084,0.20778207983614783,,,0.004859755718076651,,,,,,Control
32,,0.0020588497386852325,0.05506931070566542,0.001949756235057041,,,,,,,0.005461436758415211,0.018475857789301383,0.011307677891792768,0.002906166164644804,0.04027003518341181,0.0014032795263182276,0.10318570186834483,0.0010388608014325663,,0.010296267074621874,0.1838008560156489,0.0223360118260991,,,0.0041943979628074925,0.000445658568013038,0.02895670582427105,0.014251587784797369,0.05432684918282305,0.017768617018324176,,0.00018104879325529663,,0.0008398484155354397,0.009250140100884749,,,,0.0008549862745032737,0.3572020029203958,,,0.05216808957495011,,,,,,Control
33,,,0.04278008691336286,,,0.008488316750830893,,,0.0001209675219190576,,,0.10895210108231446,0.0036396296190676115,4.447486763321948e-05,0.004121337734011671,0.001253017624916468,0.0075062663750131145,,,,0.04434834075284626,,,,0.02099646146834393,,0.04728121119065913,0.018732258311266625,,0.002034107487724885,,,,,0.010460859491230164,,,,,0.5858101905305388,,,0.09343037227832084,,,,,,Control
34,,,,,,,,,0.0034742517570772852,,0.0010578255934240162,0.13548910121819882,0.007932338463284498,,0.036302236342159205,,0.02086987331558493,0.00020492801752996769,,0.0007086258453531367,0.15524500427802276,,,,0.04446526921265332,,0.020387229736138133,0.015659548392387826,0.07508275823486796,,,0.00019961432627307518,,,0.01829864829720257,,0.00043812888287962767,0.002851848071741649,,0.4020178391643909,,,0.05931493085083025,,,,,,Control
35,,,0.052153913003418,,,0.00047421103072173743,,,,,,0.24090677368010904,0.022920668441812845,,0.0018040566509692183,0.006240876709674057,0.008598630162763068,,,0.007183134568437683,0.0869658691341934,0.0017065108471582702,,,0.0056039090994229645,,0.040469180176183735,0.01317376627809119,,,,,,,0.007309338507514595,,,,,0.23656047007128198,,0.22446349267184448,0.0434651989664038,,,,,,Control
36,,,,5.760019864944835e-05,,,,,0.03410125117604646,,,0.07683143953174906,0.00630335460096852,0.0007714966536421697,,,,,0.0004360721752877848,0.02857437981835585,0.027456773137139873,6.370622677483156e-05,,,0.0016189115903099372,0.00808641658071584,0.34842421223332565,0.08022343992253488,0.06577209962391956,,,0.011754307675633542,,0.00034763653460515123,0.011382043494256009,,0.000772107256454708,0.0033385726446886984,,0.23526322832830687,,8.273668109894261e-05,0.017545264749746985,,4.2742196877682524e-05,0.040420379683005554,,0.00032982728590611685,Control
37,4.2546974834472614e-05,0.0021748360051052334,0.010880330180656268,0.00045843861273068,3.4783664260410066e-05,0.00010183043740004108,,0.0016482415748671994,0.0002239261400648428,1.441757678040186e-05,0.0044816482899695306,0.12329044591548538,0.002024610904386362,0.0,0.05632483465912866,6.785335086161152e-05,0.009606038202142292,0.0006810540639973044,,0.003821766891174214,0.020745380653769557,0.0023723467247752142,,,0.018638498821741182,,0.008424301017225577,0.001825285384841924,,,,0.0006243919790281726,,0.00045521230184275785,0.003217136066334565,0.00029682060168883254,,5.484728509467558e-05,0.001515156250740413,0.0561182499400864,0.0787025269777563,0.5407165979277606,0.026713047574272952,,,0.009027923619912748,0.014674673429283146,,Control
38,0.00011932572166221343,0.0028438614745036448,0.03185352041068516,0.0007935262828205858,,,0.0014724343767375018,,0.027811080160788846,,0.006393136499108178,0.246423989259457,0.010672488451961623,0.0014976094432288438,0.03428342601544296,,0.02688492425937973,0.005616291256279822,0.0006534260144195823,0.007761698142151729,0.13062380028271806,0.0008563616113802763,,,0.0745614856482165,0.0015755907467508042,0.007208870056028847,0.01768200472943301,,,0.0,0.0012771741049266065,,0.003366397610701982,0.014661303763477997,,0.0009485678508465318,9.271792780957578e-05,0.00024161923571568264,0.20390678143631535,0.12999442362043448,,0.007885424383566493,,2.527740416000576e-05,,,1.146181889036698e-05,Control
39,,,0.016259859550164932,,,,,,,,,0.014555314835751575,0.007215682172101601,,0.00415770230057924,,0.008248569534171607,,,0.002531716345562748,0.07217205250089907,,,,0.011445730677125406,,0.02241710272289269,0.008125621067615545,0.1895169948949833,0.0004688474939004233,,,,,0.015020354634681227,,,,,0.3517989504990636,,0.1982105637282384,0.07785493704226873,,,,,,Control
40,,,0.36506407053811685,,,0.013250216899162908,,,,,,0.10162710687109258,0.04333570444138177,0.0013383701772124487,0.01883864418985356,,,,,,0.01749565211267048,,,,0.026330303861311306,,0.03144575672167316,0.06810259561500542,0.051219345248444736,0.0005829096224876123,,,,,0.03890297223382589,,,,,0.19370602867426742,,,0.028760322793493952,,,,,,Control
41,,0.002419703684869877,0.0012600477677950019,,,0.000343725051584766,,,,,0.0012394492326213385,0.10744216753183983,0.0036285672137485025,0.0012369524404790765,0.047023854976325205,0.0029710786162861166,0.04258622307547783,0.0250933852277709,0.0015738113136726211,0.006014668237703766,0.046750664302759364,,,0.10361812229995335,0.012918402544064738,0.00027703989478517914,0.09163133532397023,0.012980406215597587,,0.006722612843041035,,0.00023105730616518317,,,0.019582236738756684,0.007377188516337446,,,,0.1823469721297658,,0.21729998146131832,0.054143145670968146,,0.0012872003823421036,,,,Control
42,,0.000270375347678584,0.052043817018583884,0.0001815157457470266,,,,,6.423338430618351e-05,,0.00015976258684461298,0.13973326317597554,0.003794797526830008,7.6341274638659e-05,0.01327702001424011,0.008486502421424154,0.016802160458072275,0.0030702736824434872,,0.0021734689239194553,0.09385472234914416,1.3441810453849906e-05,0.0007898859303338668,,0.05161696257974406,,0.032200831729978445,,,0.0038390221093155758,,0.00013216070125617312,,,0.016597249805581145,,,3.0885381271823066e-05,,0.22396108400916054,0.2978335803308758,,0.03899664170218058,,,,,,Control
43,0.0001188173052416572,0.0055782658861206185,0.16975455609945464,0.0008649778887948629,1.9651717151928034e-05,,,0.00555569160590507,7.880842468106524e-05,1.3907369061364452e-05,0.014210710951760878,0.08221159820159576,0.003550410232114997,2.6605401682610253e-05,0.04906721360922732,0.003432096817056723,0.07484855328593339,0.06443878676546544,0.00020820742377376054,0.0021363935995062687,0.21208334706434082,0.0009748259487723066,,,0.010031748104894215,0.0007431372424529091,0.022142446328389066,0.0783245893269811,,,7.114929389364712e-05,0.0009102272272626358,,0.0021712628001963564,0.0035354950826868665,,0.0003373040887564264,0.00025113886739797255,0.000645080212766622,0.18838539173984917,,0.0,0.0028872907507832717,0.00037872386183049003,1.158947421780371e-05,,,,Control
44,,0.0013267975040622416,0.013854306982625486,0.0017392635010379607,,0.002873066785866018,,,0.0003981701288842982,,0.005082483131882403,0.20483864797330897,0.011334307868566608,,0.07438673746141626,,0.027883385986424973,,0.0014587825960893754,0.004039589487100496,0.11725732763914815,0.001706443409504135,,,0.10951239008792968,0.00020577996041453995,0.0038630053136332245,0.008052298715184026,0.08158984147694438,,,0.0002332642701959339,,0.0007225453893811904,0.014537891097701186,,0.002003334360219633,,0.0029926688372224133,0.21406048964354962,0.026208755917180613,0.0008306704762134877,0.0670077539983127,,,,,,Control
45,,,0.07699480009354435,0.032538611896563305,,,,,,,,0.20213350922594472,0.0310463034459902,0.002874582604926575,0.0026753039025564666,0.0160694694683731,0.015243248812795863,,,,0.035312794544570585,0.0008409256997724876,,,0.0014368349390227453,,0.04889193942495367,0.03449854075254534,0.007438318424446802,,,,,,0.008631860942611588,,,,,0.4107494075895472,0.04962090396064646,,0.0230026442711886,,,,,,Control
46,1.3493924667098745e-05,0.009314079274762887,0.06651595043231673,0.00046237137325217894,,0.00024452627124015296,,,6.399391546669557e-05,,0.015282380818999445,0.030138374063858976,0.014706844486607279,0.00011398277275617499,0.05677568803681797,,0.034439971458304804,0.08138502869503526,0.00034205054497054855,0.0047639687676979976,0.15790243074652074,0.00018922162544545286,,0.07728543126378784,0.06767816580762162,0.0008572731231688642,0.014614533774680083,0.007322805346047609,,0.0001918795196980632,2.3307688061352376e-05,0.0013911009611354526,0.019301116928946312,0.00013033904507993107,0.008419800085461523,0.01150592199284822,3.557489230416942e-05,2.3716594869446275e-05,,0.08034292969460796,6.716294322942331e-05,0.20081720025597566,0.036419489316287385,0.00019300401342032145,0.0007248895440484638,,,,Control
47,,,,,,0.007373384774324069,0.0025217266831063572,,,,,0.19767953798203483,0.004038434087878549,,,,0.014862729453404529,,,,0.04897038939757325,,,,,,0.033486431838497144,0.033344491297640486,,,,,,0.02417493173562787,0.006986885195581527,0.008805028165918563,,,,0.2701835687423055,0.33212481579076975,,0.015447644855337509,,,,,,Control
48,3.640980876157047e-05,0.01192349644620834,0.0691454996300211,2.955740093284793e-05,0.0001341844637505069,4.1830370178321126e-05,,0.011555921017306422,0.0,0.0021821339318451338,0.02979713293210951,0.05732847119201725,0.018181585739218832,,0.05726495857617193,0.0022019752321253147,0.0018331725062988454,0.054898934655132126,0.0001165932078319953,0.005830376314805752,0.2918900730599632,,,,0.014507979219817568,0.0003311656201403515,0.016736954984282928,0.00105527080562327,0.05774472939892621,0.00031122204511645766,,0.004994280284957891,0.005178272548896276,0.0013762089513923938,0.005445618728960167,0.001155602329205013,0.0,,,0.028893740120898972,0.15222981953110096,0.007039979708690845,0.017345387434627258,0.0003617457685103223,0.0024928446032430294,0.03500639472835061,0.033400476702580444,,Control
49,3.9889189459810827e-05,0.000169529055204196,0.06996635061946284,1.0888120592346321e-05,,0.00019669847761687333,,,0.003156537390416663,,0.00021277626316445008,0.0036164841668410138,0.00043817053523965673,7.397816514612876e-05,0.032105607850192494,0.0013039287595357548,0.09560431307966526,0.0018202495435130001,0.0004128327592817667,0.004468708558998961,0.5482107663364548,0.0005268018720240834,,,0.0096213335525882,0.0006521678960406316,0.016944663111373062,0.05926271752836813,0.0008665722893871149,,5.0370277506648886e-05,0.0006783197370895382,2.950985954934985e-05,7.591156973729305e-05,0.005983073144562493,,9.575440633082138e-05,0.0005877549957139474,0.0,0.13685757035761065,4.57911613696808e-05,,0.005913979369962464,,,,,0.0,Control
50,,,,,,,,,,,,,,,,,,,,,,,,,,,,,,,,,,,,,,,,,0.5555829999999999,,0.444417,,,,,,Control
51,,,0.008152428675695544,,,,,,,,,0.2638293929471717,0.012328693307024182,,0.0010064172378715167,,0.0008243881324909031,,,,0.13009385779912574,,,,,,0.08574600390256384,0.014833729226558115,,,,,,,0.01846138748673663,,,,,0.4103288702980196,,,0.05439483098674231,,,,,,Control
52,0.00037358995172974175,0.00020669270155482448,0.006708579127773042,0.0006710406469928241,,,,,0.0010372197110931447,4.2130388578218164e-05,0.005699784739094117,0.03251298529639287,0.005778360451767709,0.0005907391111726542,0.021936938016148017,0.004237200381873902,0.1441397340120759,0.0007522558538905942,0.0006060684814746083,0.01688636733719295,0.3048483854213831,0.0004912504827228859,,,0.0058677986983638785,0.004454654098342682,0.033849990639947404,0.13092703503989495,0.1168250295521834,0.0003497329847035219,0.0001772521890543829,0.001358628892391069,,,0.006390317035742406,,,0.00026841625879712967,,0.14304637428921468,,,0.008764237533364222,0.00018080535435616033,,,,2.0405320733064702e-05,Control
53,,0.0011592123181424162,0.016752938028742486,1.526600869499629e-05,,0.01724446333501427,,,0.000532100750434805,,0.022446054495031065,0.061697574140827535,0.004780671143959366,0.0010045435458378483,0.03683768245516791,,0.08466618813085904,,0.0010975456777560495,0.009209922785130628,0.04124172509513889,,,,0.0058469817644513115,0.00356632041283305,0.24368366379387837,0.012669582005634162,0.11416363212896241,0.014995037040660112,3.525242797331382e-05,0.006582863644110771,,,0.007118881330987056,0.009120034115512066,,,,0.27821396938221177,,,0.004558209240936887,,0.0007596848011115261,,,,Control
54,0.0,0.004501147943770894,0.06124672735328474,0.005317295686148146,,0.0017284609497724254,,,0.0013220485761469372,1.3594070971120152e-05,0.01278456921899545,0.02290560679904942,0.008599105812220568,0.003104281628871793,0.11128408587424979,0.006282978209207718,0.04531024690860757,0.0014806460708100054,0.00015185080758851253,0.0038079510210657754,0.06598451282877514,0.0011650622306360013,,,0.13033693156643975,0.00291346115116607,0.01733566278648246,0.006866012808635758,,0.0023558021508841187,,0.0028444838280903863,,8.639787328311919e-05,0.012523563056349942,,,0.0013206388206388209,0.0,0.3825210456357998,5.618882668062996e-05,0.00031719498932613694,0.08308887501510452,0.0003818423490554638,,,,6.172715189108632e-05,Control
55,,,0.0014181422040747396,,,,,,,,,0.0031961897833607663,8.550714784342844e-05,5.3172018717349704e-05,0.0002253428627389597,,0.00021207577797603471,,,5.036549608597297e-08,0.008386488285744757,,,,7.714334201866156e-05,,0.0008640545962024389,0.6027383492638017,,,,,,,4.1199140609931105e-05,0.00015187986353522038,,,0.0003890804994682568,0.0047772851223148415,,,0.37738403972609685,,,,,,Treat
56,,,0.001139022114911102,,,,,,,,,0.000783385323929878,0.0030780732048402756,,0.00045641622613962234,,0.00020396352246309466,,,,0.006483787478212272,,,,2.2768073702247054e-05,,0.0003225426830129644,0.051886039185669176,0.09964312083166231,,,,0.0001471779601256277,,2.318995432853199e-05,,,,,0.0004479794080307358,,0.00017334163537912852,0.835189192397593,,,,,,Treat
57,,,0.0013856571135797268,5.7599930288192836e-05,,,,,,,,0.0011175833657513558,0.0025442268709048445,,0.00015441042268399475,0.00015405668740553106,,0.0008284940491856085,,,0.011288186447049231,,,,1.3828336025369565e-05,,0.00046593115528200323,,0.009874353187917084,,,,,,1.4029304184279335e-06,1.145521303327173e-05,,,,0.0039676428437564965,,,0.9681351714467188,,,,,,Treat
58,,,0.0038091231253786282,,,0.25739048173502665,,,,,,0.0034044454040269693,0.0019001872791848762,,,,5.474653554525849e-05,,,,0.0006010964822631923,,,,3.5769045564055935e-05,,0.0019070043214931707,,0.19665700771239342,,,,,,5.040515146839018e-05,,,,,0.04134854234995841,,,0.49284119085769695,,,,,,Treat
59,,1.8910563753313295e-05,0.0007634072315745974,3.624658637365858e-05,,,,0.023629954322517573,,9.67086470690929e-05,2.3613327519676065e-06,0.0020035235147218794,0.00018723469712244505,4.8867420783453726e-05,0.0009193073204429649,,0.0002581839400711448,,,2.2086113747077766e-07,0.0023533257644328624,3.223407056143422e-05,,0.2466178431422392,0.0002918321259474386,4.936984871338564e-06,0.00017780905041528205,0.0017978762181257866,,1.1901140348000821e-05,,,,2.258992213868465e-06,3.2634771767675523e-05,0.00012039127749964568,,,8.335949011391685e-06,0.0021805954121897706,,0.003618295843504171,0.7147848028185525,,,,,,Treat
60,,2.9556502830293373e-05,0.00013260493299163938,3.977208029210521e-06,0.0,0.007930983712330756,,0.026225268763835442,3.066504697805295e-05,,1.7610750600591317e-05,0.001877071821939733,0.0005548429573344614,2.467396413985847e-06,0.0006944545954696833,3.614095313450839e-06,0.0009840241262877058,5.870568848399374e-05,,2.720406960439374e-07,0.010343670024039728,3.291163962079108e-06,,,0.00015017970481644207,6.250737582097479e-06,0.000154235774887582,0.21732899673094735,,4.501823504850845e-05,,2.4626966112925413e-05,1.113265762976948e-06,2.8214076671969264e-06,2.8456169913737767e-05,0.00026188501495437314,,1.928460592005297e-05,5.96318200960929e-05,0.0015104343390815362,7.716488547072406e-06,0.01254204033619156,0.7189096717182119,1.1488523781455587e-05,1.2932785546250961e-05,,2.9717439905112883e-05,4.1710748903094085e-07,Treat
61,,2.4539557741752444e-05,0.0005347363304593859,0.00053355003921631,,,,0.048715387949649365,7.90432352678876e-06,0.00011232011427887202,1.875814185152089e-05,0.0037014217456880333,0.0003542048972276712,6.061240338718328e-05,0.0008498071328903103,,0.0037987491122311767,,1.4001668975690856e-05,2.060054778746968e-07,0.00197412370746674,4.654111102183293e-05,,,7.771068018014647e-05,3.473066044376206e-05,0.0004022642813930709,0.6269318484464472,,7.468700889499813e-05,1.5509739036961067e-06,4.577839986843006e-06,,,4.568923635196969e-05,0.0001048237489181055,,,0.0003942298194704758,0.005465820813531755,5.886407180832804e-06,,0.3057093158422067,,,,,,Treat
62,,,0.0019718039031975435,0.00010990642349536467,,0.008114245032191773,,,,,,0.0019695854212569584,0.0006096983330230898,6.7597631543836534e-06,0.0004168196069057294,0.0001635885030153986,0.00012834509157834395,0.0017048122510798407,,4.6696202501456424e-08,0.013796113483654487,1.782270611128924e-05,,,2.5954703814677446e-05,,0.0007011167926020452,0.020410485871899114,0.010108872099036643,,,,,,0.00011437739971782856,5.730502196339715e-05,,,0.0009403847835599534,0.005062172428061586,,,0.9335695220619047,,,2.6162257346660536e-07,,,Treat
63,6.833124452998783e-06,3.582979854314048e-05,0.0002784750715878992,3.052718934575674e-05,1.5664521799501917e-05,0.0,,0.01379493981278201,0.0001932669409059501,0.00021318156576451635,9.235021348010509e-05,0.000351393532252351,0.0002493299612491949,3.334307744056863e-06,0.0012532231520878136,4.377596084902997e-06,7.65071482363989e-06,0.0035576498337265366,3.96059732031863e-06,3.764552817090381e-08,0.004811294592897354,1.9261715012117177e-06,,0.06296392088698802,4.392751057523586e-05,2.3183984314060287e-07,0.00010978743571945029,0.02426878528269426,,0.0,,1.4169600413058648e-05,7.442702964377628e-05,4.4480404451394785e-07,7.743660843281605e-06,2.153717015517009e-05,,,5.104755886904651e-05,0.00016374815921042562,0.006118285660458721,0.00031699751552418537,0.8801161531841507,7.561255386230668e-06,6.837560855543176e-07,6.288162884307187e-06,0.0008090131826336868,,Treat
64,,,,,,0.15558105463635422,0.00020725230234287272,,,,,0.005958089173984829,0.000823079552789355,,2.259551694640091e-05,,0.0005781821289974912,,,,0.0027737221118467516,,,,,,0.0010766885804312145,0.45013878321469014,,,,,,0.00034002412915576515,2.0225332294691922e-05,0.00011774859133437015,,,,0.008127252624669588,0.010171842731959814,,0.3640634593722026,,,,,,Treat
65,,,,,,,,,,,,,,,,,,,,,0.20527586148649526,,,,,,0.07697261509125684,,0.42008102549053955,,,,,,,0.0033696263509634125,,,,0.294300871580745,,,,,,,,,Treat
66,,,0.0053478057328018086,,,0.3915020125384334,,,9.326344062702035e-06,,,0.004696202774524472,0.001502933988468595,7.49821846307296e-06,0.0003009393372413156,,0.000574005937801802,0.0008124399624496818,,2.561408745354811e-07,0.0004624950728653549,,,,4.167993964708257e-05,,0.0023242003742159466,,0.2268007877191013,0.0002863598606255574,,,,,3.713474569617109e-05,,,,,0.04746174407655848,,,0.31783217723616886,,,,,,Treat
67,,7.2739386768052175e-06,0.0004878869957239615,0.0006540253841674232,,,,,,4.8324325761473054e-05,1.4268315516906033e-05,0.003027455474547629,0.0015960881282820565,5.283990433392535e-05,0.0005186071093696423,,3.0049321176584646e-05,,,3.8639674271882515e-07,0.003673213919377232,5.71755569853653e-05,,,0.00011253280620552665,,0.00040107936054641395,0.013372379130308922,,,,,5.597572278701722e-05,,4.1959480895538196e-05,0.0003634117726365085,,,,0.002595775979496348,0.00611773639010329,0.005059302224231865,0.9617122523621268,,,,,,Treat
68,,,0.0018138330329296088,,,,,0.08082122830967081,,,,0.00022123853532528845,,,0.00023773391288015746,,,,,,0.002540822186330149,,,,,,,,,,,,,,,,,,,,0.0014483373175266697,0.0006496895963184319,0.9122671171090189,,,,,,Treat
69,,,0.00552673565151217,,,0.450211218014415,,,,,,0.0053633068271874106,0.0012906496136079664,,0.00010291942822681552,,0.0003842199839575038,0.0004802267008021642,,2.4207047992592733e-07,0.0003575244442898071,,,,2.941781456940926e-05,,0.002415715483561393,,0.21052811967401688,0.0001937851618968548,,,,,4.64452900592966e-05,,,,,0.052334943340281735,,,0.2707345305011357,,,,,,Treat
70,,0.00010916470569290446,9.993355648012092e-05,0.00027481816543556935,0.0003144582389650814,,4.4057061518538705e-05,,0.00025387953144487177,0.00014990033472018138,0.0007159670900182011,0.0001915391901418646,1.4809847617726534e-05,,0.000341439524862046,,0.0032728273887398743,0.00010087108583292276,0.0007245173993656398,7.858655212799383e-07,,8.159880606554688e-06,,,2.9230211218350433e-06,2.4983363831023463e-05,0.0010493015843710668,0.8817141380123871,0.008480066707680912,,,0.000741172739222259,,,7.3180977815518426e-06,0.0006196083872496358,0.0007911412876927931,,,0.008885747729639477,,0.00842773852808583,0.08261422097575519,,1.4923042435541044e-05,1.259859409074977e-06,8.32779637334341e-06,,Treat
71,,,0.0026875718048557425,,,0.2913167677884465,,0.33718463707694124,3.819177652463323e-05,,,0.008653219701582102,0.00033351167941573053,1.352682331679998e-05,0.00016903974660034725,,0.0009848620451262046,0.0007362897939284839,,1.5540986126486275e-06,0.0028516249232509627,,,,1.0886945541427587e-05,1.0156503702513116e-05,0.002762948547580672,,0.13003989793414322,,,9.822508065061266e-06,,1.8046049228228027e-05,6.0214405574848584e-05,,1.829385196043095e-06,1.6912225230537407e-05,,0.04891275020763058,,,0.17318573802950551,,,,,,Treat
72,9.570812961735834e-06,5.856373266586951e-05,0.0002564642877848141,,,0.016010406204927698,,0.11014670880317419,7.4495522041144795e-06,,5.483411578018587e-05,0.001720916837482586,0.00020383315520457524,1.5420180337411493e-06,0.0014761264169916718,,0.0012344694562231666,0.007414194269408965,7.082409751125214e-06,5.753327066614495e-07,0.0010772480222296253,1.6562072125919386e-06,,,6.027010496215027e-05,2.366404597933533e-05,0.001566334471965529,0.4004596330632361,,0.0011853472855906243,,0.00010049311756429099,,,1.4927367815945768e-05,0.0001198219111680158,1.7100584604949923e-06,4.125917032500425e-05,,0.012078498756791612,,0.024231478961559118,0.4203512930983384,1.8651134620132671e-06,7.326096939051733e-05,,,8.500868647547358e-06,Treat
73,1.2906531447078283e-05,0.0001144388174169316,0.001982404380117293,6.429192965140741e-06,,0.06025933515934214,,,0.0002796555463638332,,4.0135848305485056e-05,0.003946137182919558,0.000451745194248968,8.290138916000726e-06,0.00037824049981470927,,0.003299231993826451,0.000816643525790223,1.63861596869187e-05,4.384701364823479e-07,0.001176701345439235,3.5504762492605805e-07,,,8.841151358790062e-06,0.00017792092705704707,0.0013725964626704664,0.5170684207430463,2.8991235620127553e-05,0.0006032570771107664,1.0725674576305652e-05,0.00036451764107832597,,,4.2556213043826006e-05,,,3.961978681019401e-05,,0.009087705668097391,,,0.39817405498457564,6.9274552166421275e-06,0.00021154450065627992,,,1.28454447206093e-05,Treat
74,1.766746631889569e-06,1.8834336178255677e-05,0.0008973327203888943,5.108669881892249e-06,,0.004432919763877979,,,6.957626586199795e-06,,0.0001844555807119801,0.004161203745103823,0.0002429332339247399,2.3000563044080435e-05,0.0014225073438330364,9.426714897649263e-07,0.000748677355971169,,1.2073510818282131e-06,3.2417073480965056e-07,0.0032465317558693857,9.165731819908544e-07,,0.0,0.00013696288292924718,3.944993413111038e-05,0.000582039809527745,0.13404685131308042,,4.5637870893106454e-05,5.4047333645666435e-06,4.3399546974447556e-05,,1.0751335467765e-06,1.0799734979978638e-05,0.00021715413796168952,3.8047307135177774e-06,3.591661227030498e-05,0.00015465441563895072,0.005959295963212992,,1.826774680331384e-06,0.8432881918889992,7.754378290748489e-06,2.415993031306802e-05,,,0.0,Treat
75,1.2927613648329357e-05,9.657040584550956e-05,0.000407440808882697,5.185364966761632e-06,2.0491064992636006e-05,0.002023418922260543,,,0.00012113543480499538,,0.00019294145392244683,0.000625145431417164,0.00016055706074538523,4.113487480928123e-06,0.0019260125181624617,5.838790560848892e-06,0.0004401255060066013,0.0034226617327532747,1.0471612520425241e-05,8.758191581982289e-08,0.004814018777163044,1.7564136113950388e-06,,,1.1984297589201266e-05,6.759133322432477e-07,0.00029205130598421544,0.5853121241913801,,0.00019624689630041642,4.804533201206669e-07,2.8361878275154638e-05,4.779312554481173e-07,1.410991481315722e-07,2.2309219939572823e-05,,2.216894847170951e-06,2.2345520149182878e-05,,0.002388231310700597,,,0.3974305968329216,3.796029724410845e-07,,,,4.766702231118426e-07,Treat
76,,,0.006195715438662829,,,0.10592712647015745,,,,,,0.0012335060891681849,0.0007611650237173245,7.099467187697759e-05,0.000260401121201903,,8.562485404634622e-05,,,1.163753497799091e-07,0.0009024185533707285,,,,2.490168088527856e-05,,0.0004937494124394849,0.6580135139138983,0.033456445910326725,5.795647922741625e-05,,,,,0.00010548635863045449,,,,,0.003320443135507008,,,0.18908995984818489,,,4.746633489885494e-07,,,Treat
77,,0.00012276438765261398,0.0020461183985630914,,,,,,7.548557432089242e-06,,0.00021435729718530456,0.0009367101990081276,0.0017677660803798445,,0.0025973943998834144,,0.001552605987389678,,1.784342295642857e-05,4.909933278179166e-08,0.009186510295861457,,,,5.540832683204902e-05,1.4667120560392263e-05,0.00045574037912938446,0.12952215666959435,0.25448218447765225,1.655034526753848e-05,,5.093624486459543e-06,0.00047296742631119004,,3.424243764742159e-05,,,,,0.0008524686793087929,,0.0004455898504153791,0.594270802854319,8.124382056542211e-06,5.178074861921784e-05,1.5824724739488054e-05,0.0008467298274157068,,Treat
78,,,,,,0.23955996157885923,0.00031603673119450653,,,,,0.005734696943825273,0.000868892399180978,8.862387354134678e-05,,,0.0002575482176893095,,,8.2835610657666e-08,0.0020353391056755015,,,,,,0.0008409585722605037,0.3891288600536023,,,,,,0.0002501180513220558,1.7163938950662316e-05,4.7368837502175024e-05,,,,0.006862277884859004,0.012256317219894673,,0.3417357537560317,,,,,,Treat
79,,,0.0014525778615232425,,,,,,,,,0.004338829446559173,0.0005476436970065306,1.2925393864035362e-05,8.925716816446685e-05,,,,,,0.0008944924420438027,,0.05051462491368773,,5.98286879143774e-06,,,0.17010894520954936,,,,,,0.0046150940413995905,7.121862476228896e-05,0.0019834568472031477,,,,0.01798043060545293,,,0.7473845208799923,,,,,,Treat
80,,2.9845858445814338e-05,0.0013391498549336135,,,0.0078309295522531,,,,,1.3910942304174005e-05,0.0054085961905088326,0.0004133681490918941,,0.0010534957952426616,1.0153618047656455e-05,0.0010118957531866145,,,6.702323048807615e-07,0.007129519741291505,3.871450377343838e-05,,,9.14951256303882e-06,,0.0006313781075322581,0.25684115580701483,,0.00028179138617407187,,1.7557606894908105e-06,,2.7996809076236662e-05,4.0239073875108185e-05,,1.0035731193388595e-05,,,0.005031189687160341,,0.009508084083750592,0.7032664460657855,7.052778380099824e-05,,,,,Treat
81,,,,,,,,,,,,,,,,,,,,,0.14345385670446326,,,,,,,,,,,,,,,,,,,,0.8565461432955368,,,,,,,,Treat
82,,1.600346871578816e-05,0.00024031909522102517,4.356165143885588e-06,2.688323742783744e-06,,,,4.105243398600069e-05,0.0,0.00023064910363304006,0.00026932353617356304,0.0001965821978880303,7.076975206312483e-07,0.0007910591880389379,,0.0008786638527437457,0.000506155891627025,5.53406709826958e-06,1.5509412219397874e-07,0.0003375765503338811,4.029378981948349e-07,,,5.072781327981164e-06,9.346070229669788e-05,0.001157377132372351,0.5335658244566556,0.04556914641864216,0.0002509090554171378,4.660602590823805e-06,0.00012390444699051962,,3.911864543009023e-07,3.1452346641115094e-05,,1.413801127927741e-06,8.078936601840909e-05,,0.007540756169326162,,,0.4080328076338399,4.857193497644332e-06,,,,1.5947102914224406e-05,Treat
83,,,0.006633305791797129,0.007154735579307567,,,,,,,,0.003814759059089017,,,0.001216168666536312,,,,,,0.02046349493677294,,,,,,0.0008556002285231658,,0.04506871917346753,,,,,,,,,,,0.02153678967188181,,,0.8932564268926246,,,,,,Treat
84,,,0.0013735412654203587,1.4528106097782563e-05,,,0.0002851908475714813,,0.00011193728002517106,,2.6762685134259536e-05,0.008031974822358413,0.0019493465569057986,0.00012629830690714084,0.000196435091339685,0.00028161672379418544,0.00030644575935783727,0.003166673767991461,,,0.008808747984807696,,0.01957078853095836,,4.639221788566588e-05,,0.005818790887945389,0.11532585051417543,,,,,,0.0013148256421213107,5.338159618508005e-05,,,,,0.018337095905065808,0.0036106144456451036,,0.8112427610623065,,,,,,Treat
85,,2.479514082420251e-05,0.000415712574194149,3.8802353348552206e-05,,,,,3.1367429820090207e-06,,7.488147067947595e-05,0.0030534937809458926,2.7618316028598075e-05,4.749385289798503e-06,0.0020845729504464163,,0.000503328152917298,3.805718510500044e-05,,8.525325175316665e-09,0.0020373016048975496,5.283368108463334e-05,,0.13636166346254017,2.584433474136677e-05,,,,,0.00020168084152932074,,3.4858460958895495e-05,,,1.1813356273848907e-05,,,1.79423939292485e-06,0.006632587431240949,0.005711833727016487,,,0.842350610476664,,,3.8015400428789387e-06,0.00030422026553037293,,Treat
86,,2.810555793344388e-05,0.0011179591112036528,2.4430601065969496e-05,,,,,,,3.59245551735571e-05,0.0004167268284858858,0.00043476838878990455,6.761806343856423e-05,0.00085100955270411,8.362534430930329e-06,0.002095972829836485,0.00021757912157591494,1.7169283526917453e-05,2.8362841512508106e-07,0.007098784157134146,0.00020827168058910856,,,5.497984651247418e-06,1.5986825983741327e-05,0.0005923721566211203,0.15437279027781708,0.044837620516910294,0.00039009582816565815,,4.931362067019769e-06,,,1.5378977280208823e-05,,,,0.0004832614836486941,0.007166309646017719,,,0.7794927890465336,,,,,,Treat
87,,,0.0009862588943672704,5.087262038451478e-06,,,,,,,,0.0007239687062193573,0.0013783543532379548,0.00013756563789219032,0.00010925980169121834,2.5023854600535074e-05,0.0004686831977189389,,,1.2596889175618526e-07,0.004369961410738399,0.00021874493822403312,,,6.426854339551976e-06,,0.0006152847898513369,0.1098607096820006,0.023523299885233568,3.057472536829953e-05,,,,,1.1624633568498394e-05,,,,0.0003843247897948404,0.007362916620750678,,,0.8497818039934726,,,,,,Treat
88,,,0.00020502298907337365,,,0.022968114458281622,,,,,,0.0007898688229804304,0.0002725025704338174,,9.973930880671887e-05,2.4194070044483064e-05,0.0005715564134264472,,,4.9318739734850924e-08,0.0029420170205945945,,,,1.3404246307015558e-06,,0.00010150084047984445,0.020126027782929285,0.024356142189527943,,,,,,1.1920705317999031e-05,,,,,0.00606961468213334,,,0.9214603884025997,,,,,,Treat
89,,,5.5214869062307467e-05,,,,,0.47835217882084646,0.00763985419422911,,,0.005123480999654745,0.012276115710210615,,0.0006826760292872663,0.0003827896500540472,,,,,0.03136414448074179,,0.1993187347447733,,7.503692409676588e-05,,0.0005734494960655788,,,,,,4.219374481621945e-05,,0.00010392646984000498,0.00011317369405990878,,,0.002756759977325388,0.00045380198478633314,0.024461665509101567,0.02372220432638716,0.21205756551035398,,,,0.0004450328643073702,,Treat
90,,,0.0015438481932671165,2.292922024050619e-06,,,,,,,,0.003490670942859175,3.791443668742987e-05,7.282839500541156e-05,0.00031047029459239364,,0.00021490736140512173,9.851624811049129e-05,,5.601204614331005e-08,0.008314711169933363,3.704917619234225e-06,,,8.712428608579359e-05,,0.0017481605244139367,0.7080741904529356,,,,,,,4.609544765873745e-05,0.0001823612139516262,,,0.00044304807993064736,0.005319276257039543,,,0.2700098228444341,,,,,,Treat
91,,,,,,,,0.1621295592965981,,,,,,,,,,,,,,,,,,,,,,,,,,,,,,,,0.004186138449408431,,,0.8336843022539935,,,,,,Treat
92,,,,,,0.01859338528900766,,,,,,0.0024263109467479987,0.0005251722393683065,,2.834105696636981e-05,,2.1870366990997242e-05,,,,0.0020112735574048125,,,,,,0.001404524010174035,,0.05408250845397057,,,,,,2.097121551946132e-05,9.350584275460367e-05,,,,0.017732826980500167,,0.0018180802172070285,0.9012412298233881,,,,,,Treat
93,,,,,,,,,,,,0.010972864412365311,0.0009157493698647262,,0.00012870472492963476,,0.00017214916540924877,,,,0.0011038221809481362,,,,,,0.0003888762744685198,0.321903282536173,,,,,,,,,,,,0.010124039911766464,,0.0082097875748442,0.6460807238492308,,,,,,Treat
94,,,,,,,,,,,,0.016825986403367424,0.0009423332210322652,,,,,,,3.873556030884493e-07,0.0003161891649557412,4.951084995749054e-05,,,1.3235247928168915e-05,,0.00914340147706522,0.1748259351768632,0.17201556006410362,,,,,,0.0002393776400497252,,,,,0.05758559802172593,,,0.5680424853773481,,,,,,Treat
95,,,0.0011715350552647618,,,,,,,,,0.004900180007959894,0.0009815031943226935,,1.0912464330389549e-05,,,,,,0.00045599325886990676,,,,,,,0.09128966595587666,,,,,,0.004792265559595489,,0.0023831089168939354,,,,0.021835879048530266,,,0.872178956538356,,,,,,Treat
96,,2.3490956487965125e-06,0.000249452456450223,4.865720050868386e-05,,0.005777083039842606,,,2.2081696044292684e-06,,4.400251747075565e-06,0.0035356911124210188,0.00048092391841083633,5.173318417245357e-06,0.0004275890928026013,,0.00016717512470911726,,4.582587907248766e-06,8.6022771433095e-08,0.0033800949565384155,1.7299919444146055e-05,,,0.00010473315028399358,1.0993704041625948e-06,0.00010657937326679655,0.06429948830593102,0.04306052159164378,,,,,1.9485242659979025e-06,2.883543900797967e-05,,2.907778382312925e-05,2.207687192927174e-06,0.0014098608966212187,0.003933170655032896,0.0005660228442515028,,0.8723536881110509,,,,,,Treat
97,,4.7446031802285495e-05,0.0012329635750154876,,,,,,,,1.7419887700399056e-05,0.004196644338788562,0.00021406013165211685,,0.0012141769027585337,3.9878868641579774e-05,0.0016716842985242276,0.0039586674475033026,,3.279623462698346e-08,0.006850322070581618,,0.007181773192591063,,0.00010458403116076075,,0.0010146600467908099,,,0.0004415200841338458,,5.414316281566551e-05,,,3.893064730712926e-05,,,,,0.006771989541695263,0.007969689827219226,,0.9569794131170836,,,,,,Treat
98,,,0.0009063225615142806,,,0.005928332821978452,,,,,,0.0016869522211298146,0.0018744793142078553,,0.00024569654613260274,5.910608960663633e-05,0.0003848319731186259,,,,0.005952339066712897,,,,2.3165958518565273e-05,,0.0020878728856914804,0.5199606004168157,,0.00011858000673445549,,,,,1.2064884189191148e-05,,,,,0.006828855667663569,0.03397471199824056,,0.41995608758774544,,,,,,Treat
99,,,0.0018051904569041763,0.0008616133970409486,,,,,,,7.640804570311912e-06,0.00442761530761708,0.0009365585893479479,8.500601359218263e-05,0.00010385947809535334,7.106840380524184e-05,0.00040094778783192656,0.00020318710147888662,,,0.0012665044511303342,2.999212490769785e-05,,,0.00012956915068190332,,0.0008960957698727271,0.46646757877955936,0.007342230658154444,,,,,,1.8577471362859686e-05,,,,,0.008023031403848017,0.0010337495556533164,,0.5058899832945454,,,,,,Treat
100,3.438389326618771e-06,1.4858778870787726e-05,0.0001319679339472525,5.1768051313985335e-06,,0.0009225088713596945,,,3.8444378473723146e-05,,5.111834971640056e-05,6.905673259380467e-05,4.597643242367185e-05,5.641289702138943e-05,0.0006804446980567209,,0.00011098633435033488,2.6892717626631963e-05,,1.3252816130741908e-07,0.001958651868596493,1.0177767427121808e-06,,0.194709179197483,9.33823159400729e-07,6.425789863208639e-05,0.0008586007089389012,0.07648264021944069,,0.00028643775152946985,,8.42931704115823e-05,,3.6297133835050172e-06,4.859019396717099e-06,,8.805328360329034e-07,1.3006974868774877e-05,,0.008338211990333076,,0.0,0.7150331134328797,,3.7126490861706887e-07,,,2.4988093995528347e-06,Treat
101,,,0.0009923265877515633,,,0.007387253136233518,,,,,,0.0026160367755950873,0.0010829101674248714,2.0298655808167718e-05,4.2334758655322664e-05,0.00025412431373254515,0.0009011106182047335,0.0005028243027162102,,9.758913534508743e-07,0.012131344247935957,,,,3.572444137559207e-05,,0.001773161659036407,0.16597645569617406,0.11308079066188546,4.738421411237928e-05,,,,0.0015289438958817122,2.3137062150199587e-05,,1.3585439682080913e-05,,,0.013983152168349085,,,0.6772119226178214,,,,0.00039420268812021545,,Treat
102,8.208002216472718e-06,,0.00100981045354591,1.6268969675147865e-06,,0.0,,,0.00036044979039044357,,7.247127223219243e-05,6.277485315537717e-06,0.00011717356426999504,1.123367861878442e-05,0.0009445188537004545,,0.0016797073014536612,2.4430982110575443e-05,2.9188868576284622e-05,,0.0021792263839099184,1.7473377087849204e-06,,,,,2.074518343107252e-06,,0.002883109915166298,,,0.00012953874981452815,,5.117199704465458e-06,7.475800111392401e-05,,,0.00012825783048795472,,0.009664181452565486,1.03186614293203e-06,,0.980616391141775,,,,,4.946845386969269e-05,Treat
103,,,,,,,,,0.00022649650593569874,,7.712711146731023e-06,0.0024204075006781733,0.00019860401473743202,2.977238704209612e-07,0.0005779135561910128,,0.0003373106372856401,4.204409254009505e-05,6.336264489311987e-06,2.947238153283402e-08,0.004947515740631132,,,,4.485070493166448e-05,,0.0003811040673076786,0.14026279090891694,0.04994858163345743,,,1.3817890221302258e-06,,,4.4619538003810814e-05,,3.471110065731441e-06,8.921305789210093e-05,,0.0067140760808761845,,,0.793745242889639,,,,,,Treat
104,,,2.128829983179918e-05,,,,,0.6092030296218661,0.006861498274700677,,,0.004655081532587188,0.00922125946225199,,0.0006628519840175115,0.0005027618454265083,,,,,0.02426165235714921,,0.14477219395923774,,8.573870973863394e-05,,0.00023998222921306372,,,,,,0.0003596597380161809,,4.1358212377156456e-05,8.988475427455894e-05,,,0.005088182947219323,0.0006262062235184914,0.02332452386597075,0.0208221340287233,0.1483176380936,,,,0.0008430738602798701,,Treat
105,,,0.0020163904551542774,,,,,,,,,0.02247248931866794,0.004113932122967972,,,,,,,,0.0011817269593142094,,,,2.6745200341063894e-05,,,,,,,,,,0.00021090284914531212,,,,,0.04879029218019441,,,0.921187520914215,,,,,,Treat
106,,8.581923306648873e-05,0.0001775524879535797,,,,,,1.675165021133739e-05,,7.930585142915251e-05,0.004942268228596534,0.0009162022370510008,1.2251512759432318e-05,0.0012091165598952193,,0.0013809144285005573,,,4.253862795089339e-08,0.0026562460082469536,,,,,,0.0015515523276025053,0.7308595472763012,,0.0003640096041820389,5.986081152817093e-06,0.00013378492304469354,,,5.6440931885065664e-05,,,7.426596353263054e-05,,0.011551673360655188,,,0.24390389415419655,,,,,2.2374641108974112e-05,Treat
107,,,0.001603459225460725,,,0.02349605322126316,,,,7.773437478781462e-06,,0.0006796562948995693,0.0001309950681337906,,8.179720873939207e-05,,0.00014236755001748917,,,1.0412775081653712e-07,0.0035375916427069884,,,0.21149611293184936,2.5682669998690104e-06,,0.000732151919845333,,,,,,,,1.0323339547259364e-05,,,,,0.00950395219958503,,0.005471201827649051,0.7431038917380735,,,,,,Treat
108,,,0.0015931600003349538,5.207281793846625e-05,,,,,,,,0.00151347217603535,0.002077227397061599,,9.123191136410261e-05,0.00022622660558394486,,0.0006558164277459797,,,0.010841156623534574,,,,1.8662838492843926e-05,,0.0006142947432092341,,0.006490927035827947,,,,,,7.459108490053606e-05,1.4940223388841041e-05,,,0.000114091696148666,0.003986784756151996,,,0.971635343662281,,,,,,Treat
109,,6.1605813498308774e-06,0.0004010963345606455,3.171436970021017e-05,,0.00841601542751981,,0.07067698181539439,,,9.261484801329054e-06,0.0008410028785184443,0.00043842499878082457,1.2153242784485789e-05,0.001077396833070115,3.845176009609295e-05,6.434711407696433e-05,0.012805865808362292,,2.943749497154497e-07,0.0031344524651406073,1.2589300835667944e-05,,0.461780005991421,1.460802913170008e-05,,2.452466297831628e-05,0.11943771198377652,,7.682635450215703e-05,,3.6138804605991035e-06,,1.8136305381512884e-05,2.754807563715483e-05,,,,0.0006672423171752509,0.002486994141333737,,0.0005686971760832984,0.3169278822921774,,,,,,Treat
