taxa100883,taxa1017280,taxa102106,taxa117563,taxa1263,taxa1301,taxa133925,taxa1348911,taxa1350,taxa1357,taxa135858,taxa1485,taxa1578,taxa158846,taxa1678,taxa1730,taxa189330,taxa191303,taxa207244,taxa216851,taxa2172,taxa2316,taxa239759,taxa239934,taxa244127,taxa283168,taxa292632,taxa29465,taxa29521,taxa32207,taxa33024,taxa33042,taxa35832,taxa375288,taxa397864,taxa39948,taxa40544,taxa447020,taxa459786,taxa52225,taxa561,taxa570,taxa572511,taxa577309,taxa577310,taxa61170,taxa644652,taxa674963,taxa724,taxa816,taxa830,taxa836,taxa838,taxa841,taxa84108,taxa84111,taxa846,taxa872,taxa904,taxa906,taxa946234,condition
,,,,0.03587841744564904,,,,,,0.05170224487312726,,,,,0.176683055250503,0.010920071202933219,,,0.0165724940782246,0.006652609266615783,,,,,,0.2010700288642938,,,,0.0014085312229245408,0.0015564657682460101,,0.005340116612946061,,,,,,0.004810302116249675,,,0.013733515403439006,,,,,,,0.0017638429156358543,0.3460510522012526,,0.11360773485746231,0.012249517920497223,,,,,,,,Control
,,0.0013159227175700867,,0.04299868102140808,,,0.0004983182680484416,,,,,,,0.0011793567468805582,0.17366428522730276,0.007463498898146548,,,0.03382663223995905,0.001506124551748018,,0.0324908990266408,,,0.017788033807243246,0.12123075023085023,0.0025373240804268194,,,,0.005021960672161691,,0.020272881148932883,0.016123636039464616,,0.009048022433068185,,5.637561290038407e-05,,0.0019522822059914317,,0.013232673534937442,,0.00032223668083995234,,,,,0.1615461628281548,,,0.30529449197616965,0.029591295773968143,,,0.0010381542771861383,,,,,Control
,,,,0.03452660374721507,,,,,,,,,,,0.11460842506803028,0.01356772610307719,,,,,,,,,,0.0052452173269646575,,0.0018801844833397732,,,0.0005845260899232963,,,0.006573452156827282,,,,,,0.22851907725445386,0.003757388787951035,0.017257187368974903,0.09039827519586967,,,,,,0.46010157271225044,,,,0.022980363705122617,,,,,,,,Control
,,,,0.016513058208290188,,,0.00011499315709015023,,,,0.05047678756913759,,,,0.17245501301230293,0.010060369364965098,,,0.005707990707000601,0.014901315752520426,0.0008221091603691912,0.018135319576298214,0.02015995486876023,,0.0011299150000403395,0.1954464956550254,,,,,0.0023851378186860203,,0.030294160870116247,0.029396376816848476,,,,,,0.012581844541302404,,0.0013422336266748173,0.003784765898544376,,,,0.00012224405775924495,,0.1486363149411344,0.19232656586008395,,0.010038718788319348,0.06316831474873025,,,,,,,,Control
,0.00012325896708985577,0.0031115324196300093,,0.022850114473487518,0.0006163957020344589,,,,,,0.006699155121309216,,,0.0068138404286587784,0.20193086886678208,0.014208268921613147,,0.0004830500764266115,0.00999275172718897,,,0.2091236650559618,0.0011636977932206762,0.0006557336702546255,0.0218101799802826,0.0934583379647907,0.0,,,0.0,0.005668197754185307,0.007780747514193441,0.02791845864560787,0.08014072099031619,,0.030633686252065997,0.00045954816207969146,0.002859567689850582,,,,0.02108958909575729,2.4006247272819703e-05,0.0,0.002484545726151659,0.0002748614446152676,,,0.21970053517792765,5.053415917513728e-05,,1.5836053873246608e-05,0.0076260181725274516,,2.7334844583756888e-05,,,,,0.0002049609010855867,Control
,,,,0.024404240513761253,,,0.023583801765234808,,,,,,,,0.12657412413573327,0.012053675719120943,,,0.006187263769864701,,,,,,,0.04251385171147941,,,,,0.009435823619258328,,,,,,,,,,,0.009167565356053196,,,,,,,0.35803349473089313,,,0.3655936889390873,0.022452469739513543,,,,,,,,Control
,7.55065443256577e-05,0.0024022305041337287,6.183373765047102e-05,0.016999380132085434,0.00308260569003033,0.0,0.0004476313648062977,0.0035509503365908283,2.2856035039118e-05,0.0013886061644971292,6.601720834959531e-05,,0.002994854841219431,0.0028995533379759654,0.1629237358393343,0.0036380889701774655,1.8876636081414425e-05,1.6427775184366066e-05,0.0799053107119808,,,0.029636726791303487,0.00036957392371288124,6.173170177976068e-05,0.0055934023605998685,0.098321254837138,0.0032196398643943277,,0.00013070795037995608,1.1632089260979697e-05,0.11405263520390593,0.0007793499804856397,0.030777589861715887,0.015980245855430477,,,,0.002059185906805537,,9.407707279494107e-05,0.10094337264265253,0.008452243386162406,,0.0015716585165514937,6.469074203036077e-05,,,0.0001913172575819029,0.16108504944913385,,,,0.14507868241080152,,,,0.001019440384267089,,,1.1325981648848652e-05,Control
,,0.0022123723387418226,,0.035865574116322047,,,,,,,,,,0.0016356827383502282,0.1277837341077852,0.003994512667503167,,,0.03925166128200512,0.00532978274670016,,0.05274239783941161,0.010959053805910005,0.0005986685094715232,0.0008249280267756521,0.10828207403256597,,0.00023848143403549103,,,0.05463176237882458,,0.034202160978665366,,,0.014347092370062799,,0.0018364713703654671,,,,0.009991160164932199,,,,,,,0.2174032494071087,0.2390380961252724,,,0.0388310835591906,,,,,,,,Control
,,0.0014207752408047622,,0.04040736737207213,0.0018627761655973306,,,,,0.006292729419636348,,0.005203556341876146,,0.0010478750115548337,0.10207522275334714,0.00611251967619475,,0.0031109518717206976,0.051668954295419976,,,0.016167127490174456,,,0.011135663335729025,0.06335610409263835,0.0029121732189042043,,,0.03667197250421428,0.25297044205064484,0.0003719870041987044,0.010475198684793576,0.00011648692875616819,,0.0006250518128379757,,,,,,0.01877245709186729,0.015131936159886629,,,,,1.8771848275166476e-05,0.11860662556950997,,,0.18631313086728069,0.047152143192064525,,,,,,,,Control
1.349880226040996e-05,0.00037350069412262144,0.00020664331881349384,,0.006706976323100834,0.0006708803228669914,,,,,,0.0010369718999594629,4.212032284263259e-05,,0.005698422954215919,0.032505217337821024,0.005776979893686274,,0.0005905979725813952,0.021931696872520355,0.004236188035676623,,0.1441052963413374,0.0007520761259371264,0.0006059236804108833,0.01688233286909633,0.30477555145652074,0.0004911331138204797,,,,0.0058663967718172606,0.00445358979839691,0.03384190324586312,0.1308957541293648,0.1167971178737742,0.0003496494269707693,0.00017720984020056985,0.0013583042906095226,,,,0.006388790269819742,,,0.00026835212914679647,0.00020035064407555837,,,0.1430121978425057,,,,0.008762143593559792,,2.506920419790421e-05,0.00018076215658488826,,,,2.0400445521371447e-05,Control
,1.840882085603458e-05,0.0016221120653751135,,0.009820241424057562,0.0003818050469257116,,9.214581047274765e-05,,,,0.0050752407156739315,,,0.009743249836278455,0.005348932079892654,0.0018117941145270719,,0.004456561946241565,0.053429517557692575,,,0.007041424830529514,0.00015510194367653445,,0.007605995905512098,0.07947942295567756,0.00013404876181355568,,,0.04038742736525125,0.0012029808457744587,0.004952277928851025,0.06820051131771256,0.011175374733923885,,0.020832377718898936,,0.006539911594943291,,0.0005143282158506456,,0.0028119728123074256,,8.960315565837825e-05,0.0003480385909908858,,,,0.5861999138955374,,,,0.07031315234987581,,3.915688414128902e-05,,,,,0.0001769687750801114,Control
,3.510834344249078e-05,0.0048243290156777365,,0.035574711007532,,,1.327880038512545e-05,,,,0.00905402932623065,,,0.0029801853137071325,0.017185986801475997,0.0061484869662035415,,0.00013037367650850441,0.027737200871129544,0.0002879085356229473,,0.026012868163542917,0.005458190540122249,0.0010450013515203272,0.002903631017547432,0.19955924442418646,0.0,,,0.06890500295905995,0.01790424918594415,0.0008398841243591847,0.023602162311806955,0.007185239365969473,,0.003149791809535326,,0.00815871626996083,0.007249420234497579,0.00037321476840011683,,0.017515743677706613,0.03720287300929909,2.695998866070925e-05,0.0006075051176194893,,,,0.13987003072332144,0.13087364346239894,,0.17153594576294104,0.022807245034206496,,,3.923281931968883e-05,0.0017450556839452363,0.0013954812041095475,,6.206833210320003e-05,Control
,0.00042335435146774236,0.015595064775459522,,0.13895936012401805,0.001630796453859118,,0.0034324236807147354,,0.0,,0.0008746535577420761,0.0,,0.10343063888159389,0.11611903080308311,0.007245672499560174,6.557861912641732e-05,0.0002556852226281932,0.1931570801706268,,,0.07448996815408426,0.00330646785704269,0.00014308989523229162,0.0020626158525857913,0.08091045152868044,0.00025497130297984965,,7.730729906349041e-05,,0.04584924566740014,0.0001973477885064036,0.020162824674082935,0.024226251335412202,,0.012059326722777352,0.0005708297531112873,0.008932868605638437,,0.001141149563616615,,0.02569712978804235,,,,,,,0.0720700865117631,,,1.3972427403295758e-05,0.04634123829363005,,,6.394680278734628e-05,,,,0.0002395710362798667,Control
,,,,0.007753093539547226,,,0.0005952474959001591,,,,,,0.12981530719386453,,0.2596622006122633,0.009427571004049659,,,0.0041517544874090685,,,0.006489338885036841,,,0.006179488211460604,0.09316856192504791,,,,,0.0010662898056479227,,0.0731918032728423,0.013073436443676412,0.0007165997327397839,,,,,,,0.01717567188229954,,,,,,,0.3267737575533107,,,,0.05075987795490405,,,,,,,,Control
,,,,0.017932554333838887,,,0.04090981562024017,,,,0.003379425575549408,,,,0.010175303212523128,0.0018728724945411223,,0.0001709692927010477,0.00719750372692825,,,0.010956096704278561,,,0.006175532250676188,0.06931611068936437,,,,,0.008024529743396337,,0.13298578344806822,,0.04484180585657841,,,,,,,0.010456846136539112,0.021353053005741328,,,,,,0.6091807879883652,,,,0.005071009920670249,,,,,,,,Control
,3.1373828894153727e-05,0.0016309379231206874,,0.0052013397928004175,,,0.0006435143178928653,,,0.010454401297132411,0.0002577064347823298,,,0.0029363097240426173,0.03490183098868256,0.0023245701785441497,,3.127359301909253e-05,0.029937248332776684,,,0.025036215221659608,0.012414112890453813,0.000143638008962691,0.009644595662513024,0.01156992635068844,6.85613385418567e-05,,,,0.02089486980763132,0.0004799293697929969,0.0317667535243936,0.015878866147819047,,0.024039970859426402,,0.0020380960476192576,,,,0.003100596323267914,0.00555246606313978,3.468161277117313e-05,0.0003947288759909819,,,,0.24496344798580016,,,0.49143745060877253,0.011171689219070314,,0.0,1.7340806385586563e-05,0.0008291511585061968,,,0.00017240570510525366,Control
,3.927412111754308e-05,0.003772238844555356,,0.06304620003139905,6.832482410912779e-05,,0.00013057633051966644,,,,0.0006335482579244901,,,0.018982458132825276,0.24560800438979397,0.005547570829814604,3.8363123462754714e-05,6.346616995025648e-05,0.054931842698237386,,,0.08026405570689925,0.00028787525891312503,0.00022957140900666938,0.007351042520410649,0.027704957011538994,0.0008255663191615501,,,,0.0073299883523888715,0.004582419425547148,0.03592053630634381,0.012715300377689502,0.07698517270339263,,0.00020578424802052857,0.0019262539300691878,,0.0008335628541313591,,0.007261865972203031,,0.001991339651405735,0.00039790353121923165,,,0.00046683568709821835,0.24221808089436483,,4.777676589556788e-05,0.0,0.09744830569113391,,6.366861387354278e-05,,2.986047868472992e-05,,,5.0408536898289834e-05,Control
,,,,0.04917652273067768,0.00197582524595076,,,,,0.017889068300234717,,0.00494315249779435,,,0.15353195279077123,0.00924125647129326,,0.008315403758760175,0.010232654437101526,,,0.0037332703544021447,,,0.00285475588034558,0.056031931982754316,0.004414732908294909,,,0.018695170875434892,0.26363341268123786,,0.012152818237810666,,,,,,,,,0.030678611855575716,0.008030333927055417,,,,,,0.14056543705158725,,,0.15081858738534784,0.05308510062756979,,,,,,,,Control
,3.1353473460964366e-05,0.009868200380863265,,0.08193100342414542,0.0006569977847956625,3.44073832136557e-05,8.58148640506265e-05,,,,0.0010127782709842027,,0.017391303462634854,0.004175305413879593,0.10610605841742528,0.016339129755840936,,9.86412850119301e-05,0.02898883113945546,0.0035694097189456317,1.4658766812918407e-05,0.01424628540232156,0.0011295394205287682,0.001469744966978583,0.002223042705975779,0.5243980413037221,0.0,,,0.012748749856593487,0.06878137701401531,0.008152717475784787,0.014664162053481491,0.00013508460806071335,,0.0005925602890138753,,0.004736512229432503,2.565284192260721e-05,,,0.026952382319369122,0.0022731268259199165,,0.0006460037096859736,,,,0.034830858699362234,6.810218748501676e-05,2.137736826883934e-05,0.001576224620355754,0.008076064340992234,,,0.00019606100612278365,0.0013947205840541322,0.00034570258400465906,,1.2012045027252581e-05,Control
,,0.0013593297791317592,,0.03996283320639756,0.0018974358974358971,,,,,0.005788981975120588,,0.005062503173394263,,0.0003263772531099263,0.10488042650418887,0.005511449606499111,,0.002558111195734958,0.048123889312008124,,,0.013515410002538714,,,0.009556435643564357,0.06523919776593044,0.003444224422442244,,,0.036485707032241695,0.26114546839299313,0.00025844122873825847,0.009307946179233308,0.000184006092916984,,0.000623000761614623,,,,0.0002568164508758568,,0.017496623508504696,0.0143997969027672,,,,,2.173140390962173e-05,0.11414978420919014,,,0.1894105102817974,0.049033561817720235,,,,,,,,Control
,,,,0.08320548446409078,0.001162855969414808,,,,,,,,,,0.17312500328119626,0.0018819932389183395,,0.001420303679260941,0.01242997927091616,,,0.00974969621170238,,,0.006595911286144143,0.21854079849577845,,,,,0.08020142304978814,,0.03923896841611303,0.06783353410889371,,,,,,,,0.0005676974401822768,0.019188536933751332,,,,,0.0010378676302816659,0.256742000241496,,,,0.027077946282071417,,,,,,,,Control
,,,,,,,0.015303389923873574,0.0030575417352386182,,,,,,,0.21479992135251164,0.008133139421973128,,0.002541065769967355,0.0019904127264181175,,,0.018018155668147805,,,0.014832248847729858,0.02825218019603168,,,,,0.0011418159769397201,,0.03338507474929102,0.029913387241978142,,,,,,0.03361064346592565,0.004980907075740829,0.01053106354644685,0.008830351818843793,,,,,,0.18834585755717526,0.3667049717998896,,,0.015627871125877397,,,,,,,,Control
,,0.0024735079483105722,,0.05420783130265961,0.005955530814640951,,,,1.9152927787592794e-05,,0.0022791984067235425,,,0.006301004323927908,0.22457940530983,0.005297741015140184,8.05246748919224e-05,0.0011137530481215249,0.08259350001117255,,,0.016306246665614286,0.0012479265153647156,0.000752730656598405,0.0002559902068814822,0.10213545877285957,0.0009825657900495186,,,,0.11781315989430467,,0.023060228028991766,0.010388300897438233,0.05277733413693251,0.0005373117053530064,,0.00027730556199993226,,,,0.010702985560442985,,,0.00019884034170882626,,,0.011046605560589205,0.17015419857405423,,,,0.09646166134761029,,,,,,,,Control
,3.0497330613680997e-05,0.009478017718539724,,0.007826351883726981,0.0007215995911310897,,5.935722065749992e-05,,,,0.0025579891902313976,0.0002610694308573833,,0.11917804167634206,0.09973548170994231,0.041352435851474724,,0.0001042844962930904,0.1416375858927126,0.00027273619491765053,,0.0066982576711276335,0.0015752178282073084,0.00034191805899432286,0.004058601132474366,0.07911181539249398,4.7383436490383555e-05,,,0.04979876367096573,0.042456275475632986,0.004265020984312602,0.033440937058114906,0.005664827991473436,,,0.0005531478925065295,0.002297636139623329,,0.00108337161703499,,0.01564932654627862,0.05122855630856215,0.0038655878253018743,8.422584931228006e-05,,,,0.21191448835048024,,,0.0003151049696628315,0.023057107684334614,,,,,0.03927697992917455,,,Control
,,,,0.09473543499637217,0.0011434929169285473,,,,,,,,,,0.0845823699438553,0.03857175459794661,,,,0.08727111227800213,,,,,,0.28067752633618204,,,,,0.009651652069687742,,0.015193282965242636,,0.0026400097924233726,,,,,,,0.020881841952332055,,,,,,,0.26299293565979215,,,,0.10165858649123508,,,,,,,,Control
,,,,0.4051041567110864,,,,,,,0.03987044236834477,,,,0.20474710229909876,0.012073951766500564,,0.002528528182850722,,,,0.0018616253104160932,,,0.005744446832316962,0.08059925156917547,,,,0.0012118306351840637,0.0019791649615672796,,0.04332070107702437,,,,,,,0.001160506043576268,,0.051701605583186226,,,,,,,0.13846023056991943,,,,0.009636456089752558,,,,,,,,Control
,,,,0.029268332615112712,,,0.0005633248251813272,,,,,,,,0.07062965445368206,0.026801487323069115,,,0.0001386583530945068,0.025188927059238246,,0.026006425177446314,0.0002843911119591415,,0.004655868563200317,0.15675367242509822,,,,,0.016323382811053538,,0.05532963496874729,0.00940350227553315,0.08620476726013522,0.0006088031479892923,,,,0.08611350742570056,,0.0013914345520445843,,,,,,,0.37906182060438876,,,,0.02001127053902121,,,,,,0.005261134508304545,,Control
,,,,0.034559470751029255,0.00333895626542607,,0.0058857640042717365,,0.0010244052163898747,0.02913730692838245,0.15907604656295105,,,0.00015037326968005092,0.06285744725647419,0.008911493357752926,,0.0009499288466563004,0.004281985393905418,,,0.0069462912746468325,,,0.02188042686932898,0.19330270737838612,,,,,0.00880860638376131,,0.06187677407735295,0.043727268345767206,0.018968847265098843,0.00039226927164849997,,,,,2.719300693269477e-05,0.015438017954487227,,8.279661812342884e-05,,,,,0.3011980650349171,,,,0.01717755866662946,,,,,,,,Control
,,,,0.019523838986846814,,,0.03925782380228392,,,,,,,0.000254197360071812,0.08509113961512177,0.015193373207978696,,0.0029308284831596003,0.003636453923800061,,,0.009141493719352899,,,0.007386240424048052,0.017826553502286978,,,,,0.006950630847965951,,0.26779626807439344,0.009499312295523305,0.08780481407150084,0.0007778098819999635,,,,,,0.01579808059467966,0.004060249680075753,,,,,,0.39902277684435256,,,,0.008048114684557996,,,,,,,,Control
,,0.0005223902371784488,,0.05434900940040829,3.1995395882655374e-05,,0.006958495532215238,,,,,0.014043161587816797,0.13235227534553518,0.005153069797251817,0.09643009861222486,0.0026610510386933,,0.0017841960854941125,0.04759596858011878,,,0.048379050863624144,0.002373293704654324,,0.0014602175485691116,0.07563268883068901,0.0007265369612221837,,,,9.176038064459655e-05,0.0015286353762427138,0.01739432715594133,0.017714683572577734,0.03763564085872423,0.010528497534442844,0.00036643783586361915,0.001965704557734082,,0.0009041214698161672,,0.007457845059780077,,,8.01897186115608e-05,,,,0.38716139463704846,0.0004929102026073229,,0.00015595240131482968,0.02606839971707216,,,,,,,,Control
,,,,0.02976594877011243,,,0.00034844741111480826,,,,,,,,0.04897040906566331,0.005159657444038607,,,0.0013087073265259043,,,0.009377399859060668,0.0011885166915271508,,0.0030732956229944505,0.03791666613951476,,,,0.021374533839567854,0.0013448699474071083,,0.09923476520443163,,,,,,,0.0017004866244692111,,0.005855708823215603,,0.0022221561525164334,,,,,0.3207403068361481,,,0.25615787229681775,0.14514495201441616,,,,,0.009115299930458119,,,Control
,,,,0.12200394927798873,0.13159441523029342,,,,,,,,,,0.07016345776315427,,,,0.022368542166269743,,,,,,,0.19931970721177955,,,,,,,0.01573673974326079,,0.021165243207541595,,,,,,,,,,,,,,0.3961182368508154,,,,0.02152970854889649,,,,,,,,Control
,,0.001786525198787307,,0.05631184611722567,9.680628113463088e-05,,0.0018393193415579866,,,,0.0002280257655839987,0.006021289416775854,,0.02168869162736975,0.013306370537478072,0.005134204855366004,,0.0006377164827908964,0.027765634444164983,,,0.13041480776651876,0.0,,0.005416862857666276,0.11218500047943615,3.788515854530386e-05,,,,0.012699799535431966,0.004938141501169283,0.06659710502245896,0.02444695582539455,,0.0015820883055051012,,0.0019939234656485257,,,,0.0030451089698678197,,,0.0008209131793684575,,,,0.1623169705189133,,,0.3354082350489183,0.0026520632145015806,,,,0.00044012138363951384,,,0.000187587698780925,Control
,3.6194582890983344e-05,0.011853014205560425,,0.0687367663556305,2.9382681054758953e-05,0.00013339127177800604,4.158310225396682e-05,,,0.01148761159064415,0.0,0.002169234889219159,0.005855592154559817,0.02962099594885015,0.05698959080397319,0.018074110645213175,,,0.056926453624267306,0.002188958903491212,,0.0018223362464550156,0.05457441575741334,0.00011590400139247477,0.005795911760860358,0.290164650784294,,,,,0.01442221956976028,0.0003292080320252923,0.016638019399889754,0.0010490328827785565,0.057403388422979665,0.0003093823475765796,,0.004964758066664322,0.005147662714475781,0.0013680738971378421,,0.0054134285562651915,0.001148771326082081,0.0,,,,,0.028722943278411787,0.151329957747908,,0.006998364940218954,0.01724285528084048,5.561358663305587e-05,,0.00035960741484665195,0.0024781088859124386,0.034799464726853926,0.03320303961293757,,Control
,,,,0.017793397129148115,,,,,,,,,,,0.052134093487911676,0.025087675335587672,,,,0.01577894593310731,,0.02777002374343415,,,0.006524517116952603,0.2388300677228868,,,,,0.017036004506546437,,0.04004949800113509,0.006452920788315801,0.09694997628874397,,,,,0.07606476410819732,,,,,,,,,0.33284047171522685,,,,0.046687644122806196,,,,,,,,Control
,1.3622317442666316e-05,0.00123372120545089,,0.04280552829700899,0.00024369925248534673,,0.0004190865895596755,,,,0.0005661274866613974,,,0.02323276223436856,0.198502206164359,0.006516475942536657,,0.0010971975387276975,0.06785797171506078,0.00020774034100066137,,0.035714210591211576,,5.759435683480245e-05,0.012781940653372417,0.08201486495325291,8.9246212069233e-05,,,0.0,0.11168597513306047,0.0018818830890648145,0.027765087542921566,0.012501881833007013,,0.0021770666883555324,0.00025782239042222867,0.002070291758988751,,0.00011138247791356576,,0.005276344234759806,0.02366877655663273,0.00018149734710376004,0.0008082241135652538,,,0.0003674019145566181,0.284276730567689,,,8.714276599352717e-05,0.05271576423654873,,,0.00016957781934142705,0.0006431536786717679,,,0.0,Control
,0.00010262370234896491,0.004825831765611089,,0.04493316870571269,0.0002649685582729408,6.848294170490297e-05,0.0006243025818069022,,,0.003372784878966471,0.0001718116155125948,,,0.00719131314026515,0.10044745545587483,0.013230803627178864,0.0,0.0020380724871795907,0.05202004535987786,0.002489153510556444,,0.002664489983362673,,0.0002643642970226034,0.0016053207217296371,0.19484202596712014,0.00015469088008636904,,,0.04695150199204792,0.06783547577516648,3.111945439237502e-05,0.00410625732666766,0.00106289553934345,,,,0.0016036086481870146,,0.0001015158900566797,,0.010932697381937423,0.008956863803542584,1.6415763967498805e-05,,,0.002478780359092319,,0.10478393631892104,0.20189073345230565,,0.09175475452893807,0.015775750593183126,,,0.0002232745319996616,0.0009108231246752096,,0.009271885335385135,,Control
,,,,0.1047571823673821,,,,,,0.06594834337430738,,,,,0.06559229421542678,0.075366404497603,,,,0.030896612381287526,,0.0009821472714045996,0.005634052092858618,,,0.10257331725226435,,,,,,,0.013137569999804737,0.020213060315226072,,,,,,0.006543390011761671,,,,,,,0.0026680836619967585,,0.4336113729662717,,,,0.07207616959240475,,,,,,,,Control
,,0.0025383869608694106,,0.01486718746034405,,,0.00042902028861918607,,,,0.03226382818884608,,,0.0010715355291943942,0.121877902815636,0.009498545736953507,,,0.03143218261280056,0.00556741638621978,0.00013857375626246784,0.054826173689259766,0.0972167486434492,,0.005407219032826245,0.238045348642434,,,,,0.003010857482221444,,0.02881227570593938,0.034494713385818776,0.0002462856649763714,0.002610871694914394,,0.001406142928931459,,0.021190313034562223,,0.005068753902145608,0.0070389377027212235,,,,,,0.10480642819798282,0.10152126574182642,,0.02000131975005964,0.0533400336028669,,,,0.0012717314613186334,,,,Control
,,,,0.025176378903295313,,,,,,,,,,,0.1053052471800514,0.011860669452870122,,,0.00023450970204941306,,,,,,,0.0051894694752819956,,,,,,,,0.003835588528176565,,,,,,0.22365929876301732,0.013906771696859029,,0.11701545145919127,,,,,,0.4692547287781199,,,,0.024561886061087636,,,,,,,,Control
,,,,0.07441479468028757,,,,,,,,,,,0.16771506115862644,0.0025230243033172246,,0.0027901185397479745,0.0118245143647838,,,0.01112834483693086,,,0.0021844859513769415,0.233048446501086,,,,,0.069197013307493,,0.04533991385646302,0.06183590846941247,,,,,,,,0.02214120888370623,0.018209626889265723,,,,,0.0010167442013245902,0.250680566789983,,,,0.025950227266195027,,,,,,,,Control
,0.000275304455882356,0.009009820940890749,,0.03919248502769727,0.0026853725412762587,,0.0004158943838100835,,,,0.012752765477324837,5.739006759437833e-05,,,0.030810597458931478,0.009462751328102688,,0.003745042893567339,0.052134207564871235,0.07643339300361567,,0.004255783019800307,0.0003400387734431082,0.0006113563507722899,0.010809686771935648,0.3383968089863403,0.0019480098446523263,,7.816380321355002e-05,,0.06316548085007803,0.0019645868660049986,0.13053774808089502,0.008294490994165937,0.1309091572934802,0.0007295987752309085,0.0019749737338145847,0.004297015737468663,,0.002835195240590285,,0.013048004325973063,,,4.75277890681049e-05,9.253754957631023e-05,,,0.04064066620320952,0.0020772686440605056,,,0.004772083792436387,,0.00015454400286383783,0.00012055061730519324,0.0009236968100565022,,,0.0,Control
,,,,,,,,,,,0.0233047770362587,,,0.00106458399383281,0.13476344354281847,0.00811453364134535,,0.00011356498117056526,0.03236752314174664,,,0.019892414971853824,0.00029208151379614053,,0.0003410958790145045,0.15600099712659546,,,,,0.044726360015824924,,0.019662678928744435,0.014632141175003634,0.07176013792983167,,,0.00021680587314380642,,,,0.027485531991796458,,0.0003442031291612719,0.0023340460296008675,,,,0.3856327970052523,,,,0.056950282093208085,,,,,,,,Control
0.000530272082544673,,,,,5.743092206664463e-05,,,,0.000496077346261176,,0.0340010337565972,,,,0.07660564580463057,0.0062848301800104275,,0.0007692293642883976,,,,,,0.0004347906379073715,0.028490404875824406,0.0273760826388352,6.351900567794973e-05,,,,0.0016141539014773547,0.008062652062571701,0.3474002563894945,0.07998767771877072,0.0655788072997746,,,0.011719763887882668,,0.0003466148936036362,,0.01134859372371343,,0.000769838172649528,0.003328761182541244,7.772453410432825e-05,,,0.23457183218238115,,,8.249353293318391e-05,0.01749370238484441,,0.0018347454643269758,,4.2616585279135595e-05,0.04030159148593684,,0.000328857983070663,Control
,,0.0005003260389104801,3.556036309611677e-05,0.054002959779988875,0.0031040889042156816,,0.0033675870598319653,,0.002605210089384694,,0.023271569944546513,,,3.928179644338481e-05,0.12325904111894406,0.013039695702530121,,0.0011702874145672613,0.008296832274585548,,,0.0012232144666172956,,0.0002484056759301413,0.0091002483850013,0.07871131311602643,0.0006116589198829156,,,,0.03976279170351921,4.972248444544234e-05,0.046355517624501595,0.05389193701846204,,,,,,0.00019465163869182523,,0.01067679227331199,0.007787719518049573,0.00020054390815833295,,,,0.0017807058566677544,0.22144389132918438,,,0.2846110874731178,0.010615698742527671,,,4.1659378859694934e-05,,,,,Control
,,0.0052702518835995036,,0.02603287177755263,0.0010827204497799938,,0.0002786018399059881,,,,0.005306798127860427,0.008520539191746907,,0.026489750448881015,0.0782661611339095,0.006999162574702143,0.001685885334285763,0.0004682171183013063,0.12266478610424732,,,0.04141985297273833,0.0006960996552302232,0.0009725755363287892,0.0040468132079949015,0.09583953910832833,0.0006084291634574813,0.0003170715707069603,,,0.036208722991211896,,0.06606761196918857,0.017942586153974493,0.13673762104804507,0.00047894814847210384,0.0,0.0003782181954537688,,,,0.00733830362255282,,,0.00023152703774164052,,,0.0004375425697942153,0.2765234620813987,9.435207659606865e-05,,,0.027896730234859734,,,,,0.0026982466711534528,,,Control
,,,,0.04278008691336285,,,0.008488316750830891,,,,0.00012096752191905757,,,,0.10895210108231441,0.0036396296190676107,,4.447486763321946e-05,0.00412133773401167,0.0012530176249164677,,0.007506266375013113,,,,0.04434834075284626,,,,,0.02099646146834393,,0.047281211190659124,0.018732258311266622,,0.0020341074877248846,,,,,,0.010460859491230162,,,,,,,0.5858101905305387,,,,0.09343037227832082,,,,,,,,Control
,,,,0.017772392823790166,,,,,,,,,,,0.04212716453312613,0.020562253955194298,,,,0.015204260491216271,,0.025581771620141667,,,,0.23351210071092995,,,,,0.012062348328200053,,0.036475342701718656,0.007606051979464999,0.08949718444648397,,,,,0.09895861876935791,,,,,,,,,0.34004750929174393,0.008055140784714813,,,0.05253785956391727,,,,,,,,Control
,,,,0.13247006904067182,,,,,,0.01409703902996884,,,,0.0007621600548865745,0.039411633263414646,0.03319120442008205,,,0.003346151463611878,0.011102482104433034,,0.013421901013971447,0.005676302028739799,,0.0025187514430623516,0.2325379759821298,,,,,0.0078164704137287,,0.029987752099605913,0.03228528268190236,,,,,,0.0014028717697849493,,0.014318472398766222,,,,,0.007534684763992299,,0.3842761482366774,,,0.004074203979446649,0.01808273341430598,,,,,,0.011685710396817312,,Control
,,,,0.019258226713996223,,,,,,,,,0.23552507907712414,,0.214631195570529,0.022094200532573726,,,,,,,,,,0.005977029056706237,,,,,0.0043665346600888725,,,,,,,,,,,0.02062993098328681,,,,,,,0.4659883733561957,,,,0.011529430049499183,,,,,,,,Control
,0.00011874745307360509,0.005574986448286844,7.211465343570928e-05,0.16965475814699182,0.0008644693721210792,1.9640163994362166e-05,,,,0.005552425439390756,7.876209355687803e-05,1.3899192980625534e-05,3.293504423669963e-05,0.01420235653766671,0.08216326636675296,0.003548322961648098,1.8733694886930066e-05,2.658976048467493e-05,0.049038367211441176,0.003430079102523066,0.00043641451583369877,0.07480455015261918,0.06440090348783126,0.00020808501955052423,0.0021351376231614544,0.21195866420295076,0.000974252852910078,,,,0.010025850484568168,0.0007427003553560339,0.022129428882160428,0.07827854264745784,,,7.11074655385625e-05,0.0009096921087029697,,0.0021699863244027326,1.027331655089713e-05,0.003533416580770325,,0.00033710578917502647,0.000250991223968977,0.0,,0.0006447009729636524,0.1882746408015443,,1.7424350620639254e-05,0.0,0.002885593325325518,,,0.00037850121174775903,1.1582660817187942e-05,,,,Control
,,0.0006058791054835021,,0.008557904322904748,,,0.00022066649111064415,,,0.0038890712159436454,,0.0002732730613299242,,0.0005388157678757175,0.08845644191044975,0.0019745534791465644,,,0.015988381577942103,0.0004395258862977252,,0.0013040204972866955,0.0005356031529004943,,0.0008183132707201367,0.04789356365640962,,0.00017368199709800471,,0.0030885277218052126,0.000339131668322,0.0004276793685765897,0.004481999467308278,0.0004827957942452628,,,,,0.010207180535809964,,,0.001427806568050765,0.006025058597595177,,,,,,0.04327753790810375,0.18036724807300827,,0.5594226850574149,0.006868671211245196,,,,0.00030810985496750086,,0.011605872780647768,,Control
,,,,0.07361376883956482,,,0.01188431649285607,,,,,,,,0.07143696639158215,0.009666699625730772,,,0.0013708430213259849,,,0.005117646811070154,0.0005280804206512536,,0.002665071260772449,0.002521869809824863,,,,,0.006698077390155561,,0.032176303047964656,,0.07159861957010281,0.0025811359565405655,,,,,,0.006335861955405783,,,,,,,0.6970791918063097,,,,0.004725547600142238,,,,,,,,Control
,,,,0.1082062453094156,,,,,,0.05636128907706013,,,,,0.07133250623043326,0.04579138620663141,,,0.0032345183553327663,0.03137415945563313,,0.010699964731819753,0.0038073128822460646,,0.013530507811651202,0.10634359230652228,,,,,0.007798592782893428,,0.03910265464094151,0.026701543442542112,,,,,,0.007033891718329258,,0.013864594424284565,,,,,0.005946073113779161,,0.4276924999122474,,,0.002654828982755364,0.018523838615481562,,,,,,,,Control
0.015858205891240654,,,,0.05671840306517941,0.0002785742908570152,,0.001758487380605153,,,,0.09251992103845598,,,,0.06115998991630865,0.0018609255317751238,,,0.0005245079684153824,,,0.02782058009144299,,,0.0012714442670765838,0.09532680849526363,0.0035040416880165017,,,0.01831230785148398,0.0018797092809375536,,0.03643544384664906,0.055650295448872074,,,,,,,,0.1380472126969112,0.18055493969492728,,0.00013867128480023124,,,,0.1871374633768213,,,,0.023242066893960297,,,,,,,,Control
,,,,0.07280766316406982,,,0.0021143730999435596,,,,,0.00035296551892016894,,,0.030860894870693812,0.0033446726901152856,,,0.0037141347451149385,,,0.0064644291931956616,,,0.0039080696326835,0.08506549476883776,,,,0.027140624218866382,0.0019934655611171014,,0.03324454374554456,,,,,,,,,0.004800793765033599,,,,,,,0.43154234263486496,,,0.2484287803799052,0.04421675201109372,,,,,,,,Control
,0.00011931541603269693,0.002843615862892466,,0.03185076936442643,0.0007934577495004563,,,0.001472307209158185,2.721946883764784e-05,,0.027808678242035725,,,0.006392584352468792,0.24640270672035383,0.010671566716811206,,0.001497480101391498,0.034280465109092266,,,0.0268826023285744,0.00561580620229366,0.000653369580933765,0.007761027798957003,0.13061251888862296,0.000856287651253523,,,,0.0745550461057894,0.0015754546700166398,0.007208247458126276,0.01768047761367531,,,0.0,0.0012770638011046808,,0.0033661068699790448,,0.014660037532168347,,0.0009484859272787889,9.27099201763494e-05,5.914606386526486e-05,,0.0002415983681416788,0.20388917091851486,0.12998319658279012,0.0,,0.00788474335468902,,,,2.527522106353014e-05,,,1.1460828984272775e-05,Control
,,0.0017572022156046056,,0.001552011184734871,,,0.0005646140199351057,,,,,,,0.0011209953880476067,0.10921915277467462,0.004412805587698792,,0.0005932719851403759,0.03931706088910972,0.00367051218349101,,0.03737561400993087,0.02328193935432666,,0.009847293687661109,0.0421661836844264,,,,0.0923411744305089,0.013004255134673674,0.00014328982602635114,0.09359441330163101,0.012111272938877456,,0.005609874847018571,,0.00010389815021692515,,,,0.02043312919135767,0.0068686368896166035,,,,,,0.20668749770736275,,,0.2204870895345696,0.053736811083358614,,,,,,,,Control
,,,,0.0005546194112492181,,,,,,0.022486718836739302,0.1308973506501594,,,,0.05146407233834919,0.06933930744986509,,,0.006857308255317895,0.017762877310197257,,,,,,0.16683955633724631,,0.00424716585896054,,,0.01288437736980732,,0.0057601553221135315,,,,,,0.0004238255076175927,,,0.010691505422467383,0.0025974419703195142,,,,,0.0013790204530119063,0.004558326296887618,0.24571125048804462,,0.2382835497117209,0.0027913283129778286,,,,,,0.004470242696947761,,Control
,,,,,,,,,,0.04711976230419016,,,,,,,,,,,,,,,,0.2664087868729705,,,,,,,,,,,,,,,,,,,,,,,,0.6864714508228393,,,,,,,,,,,Control
,,0.004397662542356654,,0.007775971847186289,,,,,,,0.0006180290803634165,,,0.006246587732497257,0.1872832571205432,0.01945496029573086,,0.0013495220649337425,0.03796486040093549,,,0.051764844489672564,,,0.0018393096050383236,0.04498747645952942,,,,,,,0.05678873466390089,0.05619945112215903,,0.013251086004424789,0.00010374710241934195,0.00522794301176725,,,,0.021210260051980845,,,0.0012405116948794681,,0.01062572762144636,,0.4570388815799196,,,,0.013632672907957392,0.00040830810844841504,,,,,,0.0005901944919094467,Control
,,,,0.08648465482231565,0.002826771751793105,,,,,,,,,,0.08215880307067515,0.0634078769090016,,,0.004952522258558867,0.05673322243626847,,,0.002939174393317054,,,0.3116605572221739,,,,,0.017318359651535303,,0.03334697633285041,,0.008996851797942122,,,,,,,0.04147059366434776,0.0018530967598030825,,,,,0.00030843697320929444,0.21642252091075834,,,,0.06911958104544973,,,,,,,,Control
,,,,0.08275101981961633,,,0.0017520074980879167,,,,,,,,0.02919000786008543,0.002408745618090599,,,,,,0.002546889518659258,,,,0.03963560260739049,,,,0.02860879512805788,,,0.03821362794620857,,,,,,,,,0.01714063301165299,,,,,,,0.5045438755615876,,,0.189265210576176,0.06394358485438674,,,,,,,,Control
0.0036287264170676856,,0.00785264076497716,,0.1052401396357369,0.00019219820788812973,2.9809921833332425e-05,0.00023362894670733746,,,,0.0013782288945248169,,,0.009139014680022319,0.07168538426606053,0.031939360758057214,2.6778404358756243e-05,0.00024242034738360845,0.019577135648483013,0.005627304837473274,,0.08720301486433858,0.04019246498142589,,0.01194478515332506,0.16981045133838465,0.00024706867417795855,,,0.04575762371067036,0.05189765920367695,0.0003566075055926444,0.031076388783627867,0.05213250075737411,0.003518278130410627,8.447828695818951e-05,,0.000593369020357044,0.0004483614344898168,0.0022015890406197067,,0.015785111490118162,0.004173490107249026,0.00013015315024180395,5.365785929999837e-05,,,0.0002567695300966023,0.06843256601584029,0.1353764548504987,,0.014339077654745326,0.006122149539906593,,,0.00015996307207513636,0.0009131941139248309,,,0.0,Control
,0.00011408103990264275,0.004557693888594972,0.0002109137528173528,0.038467501277233564,0.07111031313782876,,,,,0.004573530071852899,0.0012683068043641292,,,0.024750945758046317,0.2362587067486853,0.022422623349493968,0.0001398022292706126,0.0008070401416985366,0.0678792274161653,,,0.00041547285884967775,,,,0.01971423254275139,0.02120101815562933,,3.641313475230242e-05,,0.011418190731192894,0.0,0.03771139917722453,,,0.012201022694662752,4.6600743090204205e-05,0.001506858227325889,3.278190801800079e-05,0.00012638686383555382,8.664510457680827e-05,0.01234405268103052,,,0.00014454299750706195,0.0,,0.013453493315768953,0.25623953185418,4.105303557946562e-05,,,0.14052040522473006,,,,,,3.782527848230861e-05,0.00016138785485785007,Control
,,,,,,,0.015658991411999338,0.001970308115441547,,,,,,,0.1891439642406774,0.016114896505934135,,0.0029230264357776913,,,,0.008494553653672755,,,0.002258269283196273,0.03555047055882816,,,,,,,0.027736816727656217,0.02509272760688328,,,,,,0.017915756719737285,0.002425411089131903,0.005797925656888855,0.003569735882859162,,,,,,0.22633426937423695,0.40424253429089113,,,0.014770342446188009,,,,,,,,Control
,0.0003626598844841434,0.0035549862873700587,,0.04609049579794675,0.0003393679257060069,0.0,0.000475442000673015,,0.0,,0.00013975175266881922,,,0.030900256681472043,0.2514724502098626,0.010677524260924694,,1.5630130232696885e-05,0.075187668828392,,,0.04113319057133336,0.0007969323264396626,0.0005126274085468822,0.008326262316900175,0.06042730937217342,,,,,0.007673780997970536,0.005205957102341395,0.02412771103587309,0.03237878527531402,0.07299761175696354,,0.0009209517911618458,0.004787314790618571,,0.0004907656577638943,,0.020157045010484445,0.015037411176421671,3.013652561206262e-05,0.00048330814464633316,4.096524328961733e-05,,,0.2591874007665506,,,,0.0258654137499788,,3.371204559993445e-05,1.3689133667852175e-05,2.1555277641170216e-05,,,0.00013392876297428508,Control
,0.0,0.0010866085911761657,1.9091219757121504e-05,0.030494617442714145,0.00037164241127196526,,3.0121702283458372e-05,,,,0.0015140397890717192,,,0.0012685054905287399,0.11288107930726024,0.006575228209016614,,,0.07963859896750443,0.00030344433180624794,,0.02669079796843967,0.001665284674480915,0.0001129563835629689,0.002227096847000208,0.2653244690678755,0.00015251763339300402,,,0.02234680303737064,0.14049228619265713,0.0009098026837588237,0.009874297045379194,0.003474601995796114,,0.006733685333000723,1.940940675307353e-05,0.0039617462865986644,6.692533148190928e-05,0.00010754720463178448,,0.006369043035639703,0.019347996662854788,0.0002805348680977021,0.00030895957306941634,0.0,,0.0002254885177980018,0.19016870062400715,,,,0.06433592570885169,,2.6515582996002093e-05,,0.0005690244110942049,,,2.460646102028994e-05,Control
,,,,0.002082112904788415,6.621718106830014e-09,,,,,,0.0010302950174991155,,,,0.04765173947895361,0.00036213418261222315,0.39633428397566894,,0.005659457179062408,,,0.24240739555774743,,,0.00047577705037414895,0.002546229530620216,,,,,0.001163133958317151,,0.006429653279789494,,,,,,,0.047657292062069014,,0.10393022155251189,,,,,,,0.12713432268875746,,,,0.015135944959510374,,,,,,,,Treat
,,,,,2.2264877062132748e-07,,0.0006622482982271061,,,,,,,,0.14067764032795307,0.007347921423219802,,0.00063221347730386,,,,,,,0.001894534093820859,0.00030994374942352375,0.15089240541771107,,,,0.003395260977198741,,0.05442902446458465,0.0030066025931997494,0.00015742284090636047,,,,,,,0.11703849715351954,,,,,,,0.5121943328945688,,,,0.007361729639592308,,,,,,,,Treat
,,,,,,,0.0021365334658055768,,,,,,,,0.10836921244564189,0.03148636787856287,,,,,,,,,,0.01398471102042387,,,,,,,0.05243036836394644,,0.0002457429887184714,,,,,,,,7.996728055688641e-05,,,,,,0.7127323614133141,,,0.038631239843805246,0.03990349529922472,,,,,,,,Treat
,,,,0.009084703787602193,,,,,,,,,,,0.22030616781407183,0.011618037119511976,,,0.020366448426271437,,,,0.000680844913071251,,,0.03738367287976974,,,,0.008678406988471327,0.004156403020685335,,0.024648584251116372,0.04489149511634775,,0.0006258558837426272,,,,,,0.387226277739681,0.0001565027392730797,,,,,,0.15863243121375425,0.06204046247340928,,,0.009503705633220538,,,,,,,,Treat
,,,,0.0001730928467598286,,,,,,0.02318139200509944,0.0951620673295543,,,,0.03784996081138545,0.0421607076653318,,,0.043361746734053665,0.01888489456228149,0.0006126496816209012,,,,,0.10446843273441875,,0.0024970968049026223,,,0.011916932520489604,,0.0019512693617838913,,,,,,0.12811309789663286,,,0.11509064148616238,3.7145764160646786e-05,,,,,0.002060314855366556,0.005091614583783156,0.18964916255302608,,0.16930250339967187,0.0015803346910412083,,,,,,0.006854941712473402,,Treat
,,,,0.02982880169134863,5.2333472542498266e-08,,,,,,,,,,0.06744350369316655,0.00041192232334177117,,0.0014071226443050683,0.04826177964999584,,,0.2453029982850212,0.00015714569153460424,,0.0008945184138072168,0.08507558463588433,0.01689146130702944,,,,0.028775298647063324,,0.03377633489795142,0.026747450521196568,,,,,,,,0.3048101042291492,0.00017908070971682573,,,,,0.0004262994823545115,0.10277411814496913,,,,0.00683642269869185,,,,,,,,Treat
,,0.0003559484820927124,,0.0037167838542155334,5.511971162889632e-07,,0.0007707760666182432,,,,0.00010681965601917274,,,0.0013635103702836701,0.05495337879125405,0.003040727517978893,,,0.16055730747356906,,,0.4419247873607956,,0.00039135696984015495,0.0010837265986774476,0.031457375869049474,0.052924352701898054,,,,0.029379591763473,5.5205910721413164e-05,0.0010363532291053545,0.0021602418577450046,0.000134662965214002,,,6.257930290680738e-05,,0.0001938418890643749,,0.13033178818604868,,0.0005374473666562625,,,,0.0008028624765678707,0.05742738144393578,0.007031191163456697,,0.00022284930007944226,0.017976600235616955,,,,,,,,Treat
,4.02302698473127e-05,0.0001578574992178793,,0.0031090351515886032,3.6929206118553786e-07,,2.925837807077287e-05,,,,4.581121046957863e-05,1.0686907574551779e-05,,0.000477502904772723,0.010145164480914251,0.0008209919885605666,,2.782158271908313e-05,0.07803960957893673,,,0.7880901738021001,0.0028794922512289808,3.356876412584209e-05,0.0011152144284297266,0.02419432754486276,0.017886901890684787,,,,0.003426293814451797,0.0001888257825005804,0.0034415048462329094,0.0013231460268052558,5.831988810699695e-05,,2.313121772802985e-05,0.0002756153463476904,0.00036830394337896837,4.129896060476787e-05,,0.03267164687174742,,0.0001727241750882557,4.8613555122461084e-05,3.9189781695918935e-07,,6.6615057214706085e-06,0.012576590320567524,,,,0.0182708121631237,,,,,,,2.10175848966185e-06,Treat
,7.214886600137878e-05,0.0014233178783566744,,0.009744401428460482,1.058421049135998e-06,,0.0002589778084163472,0.0003331183172013793,,,0.0008098919009914342,,,0.002083129858618616,0.05548665398025181,0.0023487893073414127,,0.0001381300640275729,0.18644122211205272,,,0.1790531697200652,0.0003229673636588879,0.00011724993806991652,0.0077883512287472345,0.022295284525254203,0.0199274437123063,,,,0.011374336183985843,0.00046103318114505264,0.012919465504852413,,0.0003785726042244622,7.709584968980812e-06,9.585583978099477e-05,0.0005046565827612023,,,,0.07185317393658348,0.00011322329182496493,,2.97461486719843e-05,,,0.0019440360964699205,0.03823369501087669,0.02075902122710196,,0.33456771917554773,0.018112449200333666,,,,,,,0.0,Treat
,1.0760771185178188e-05,0.00046648735380137255,,0.00036435366209733864,5.319040658851499e-06,8.179181812628372e-06,3.5710778805966164e-05,,0.0,,0.00018505069162623694,0.0004411628079599492,,0.0038111136640753642,0.011509746789235711,0.000817141560213163,,6.309528486088415e-06,0.015175298655092274,0.0006509474274642999,,0.8392926678754626,0.020913926133956356,5.841355710294184e-05,0.002434613676659431,0.02442363736763348,0.013592537836004975,,1.2547030391285409e-05,,0.0010697819953479086,0.0004825636866563375,0.0038520391673378695,0.013537525526388042,,0.0029784143623896547,5.531641412461076e-06,0.0002682413925558273,,0.0012831391332644739,,0.014729787170804464,5.57459659816894e-05,0.00017057334886706147,2.3451854738246445e-05,,,0.0001130961373157081,0.025278880989138205,,,,0.0016755255406447531,,,0.00025977669743173777,,,,,Treat
,,,,0.010822038048823627,,,,,,,0.00013559626342539723,,,,0.03087351454721616,0.005871938893441014,,,0.005049426304503075,,,,,,,0.002431691001380325,0.7111224819493499,,,0.006920333154647986,,,0.007498527080733041,,,0.00023717409808650023,,,,,,,6.3724202432318465e-06,,,,,0.009610474692455987,0.16751778430436956,,,,0.04190264724132418,,,,,,,,Treat
,,7.867219474125084e-05,,0.006083983059990064,1.4018656150999147e-06,,0.000279239182232793,,,,9.18627423625384e-05,,,0.00028336122836444534,0.08623320507416744,0.006595627128883639,,0.00012617386921076853,0.08390327159278811,,,0.24087527228528685,,0.00011176633654108837,0.0017341644363772525,0.04365717944406328,0.0995638647388652,,,,0.043665030960504524,2.681292864684347e-05,0.0025994015482021867,0.0030660564278874405,0.00016497314686193665,,,,,0.00010320818362013393,,0.24069490008746824,,0.0007091882225552376,2.5399655687419804e-05,,,0.0017124157358350104,0.0959274724241697,0.013804928782814798,,,0.027881166716256733,,,,,,,,Treat
,,0.0001844604945938062,,0.0026658233235764897,2.8696236365486418e-09,,0.002744037641765893,,,,8.467091495044058e-05,,,0.0035717445795156602,0.009817670898711828,0.0007607277371915764,,0.00015984871486113755,0.04716118913419097,,,0.7959224233408836,,0.0001746477460510409,0.0014655355930295114,0.006562619193990038,,,,,0.0009304051822706303,0.0005674933029398254,0.03877633841907399,0.002016056356958886,0.00011176292085120503,0.0023860960634070746,5.609567978030322e-06,0.0010475029161026192,,,,0.03785459273202711,3.2282013922723895e-05,,,,,,0.04427099815276802,,,,0.0007253283267319264,,,,1.3186203234909203e-07,,,,Treat
,,,,,,,0.003646513131077696,,,,,,,,0.07493849565322801,0.015518586302615784,,,0.008967860143972928,,,0.06093146755169693,,,0.0030074178087551233,0.014653791406635943,,,,,0.003270250474222328,,0.03235837091285189,,0.0001821262125413802,,,,,,,0.2791868719252884,8.955585357560093e-05,,,,,,0.44304130063450325,,,0.034480106461484084,0.02572728552755058,,,,,,,,Treat
,2.4859663409178822e-05,0.0018533927370602233,,0.005117762728768859,,,0.0001336165309074337,,,,0.0012586577373474594,0.0029520101513357405,,0.0011735291978552513,0.011850837830435603,0.0017169141833238886,,8.752465162803253e-06,0.15450522252649138,0.00010898982284479337,,0.4256463196327589,0.0029088801328909,9.358149063803325e-05,0.002355478067521108,0.02372467168150808,,,,0.017311943460666977,0.010735447631209316,2.3828004017365507e-05,0.005943655990918244,0.0013441190701918653,,0.00030197668778432214,5.324693635165478e-06,0.001405852237024565,,0.0008161091375947689,,0.1252261139679053,7.212735992802937e-05,,6.958708994456882e-05,,,,0.03975516106020205,,,0.15225229304380847,0.00928673161042167,,,0.0,3.115729175298819e-07,,,1.594080157027665e-05,Treat
,2.9591567541278444e-06,0.0003627666984348697,,0.002086983100296252,7.386777650371672e-08,,0.0,,,,0.0008124505266406187,,,0.002800031879619379,0.008792583502940305,0.0003539108278568229,,0.00027172402895568094,0.0560798069903976,,,0.7573740681004395,0.007593736223200466,0.0001293389098081572,0.002030240729543742,0.03755126721619562,0.025509940976643396,,6.803900566060374e-06,,0.0008606826217644689,7.095496304605817e-05,0.03372337115804572,0.005832713959229349,0.0002995992436355367,0.0007924708186291716,3.9095428649426275e-06,0.00039071668996655903,,6.9550983564172705e-06,,0.017048797046895336,,,1.0043853216565312e-05,,,6.624623186065767e-05,0.012025905050353877,,1.0583845324982803e-05,0.018765524955828235,0.007798026037656973,,,0.0005348042600837726,7.98717221662575e-09,,,,Treat
6.961767581190483e-05,8.543822928554101e-06,,9.322179678401191e-06,0.0020441096356565687,1.5333131060119085e-06,,,,9.810915312026108e-06,,9.124875292974837e-05,,,0.0010500575595030158,0.01184796543297476,0.0005957868387085375,,8.706734806429075e-06,0.10997058966541497,,,0.01810668105676101,,,0.001737581886774927,0.002455371620692054,0.6847278201810317,,,,0.00034562659957163564,0.000132519761991408,2.950515121513387e-06,0.004272128680114218,6.565600669802143e-05,0.0033502465658592773,3.712580683572979e-05,7.94647937634587e-06,,5.9879165778934255e-05,,0.04167392330068057,,5.506421472174063e-05,0.00016294808051450007,1.0397426382484403e-06,,0.0012829672409049343,0.103373559947192,0.0,,3.165920826703628e-05,0.01233800436162268,,5.982486181964261e-05,,,,1.218218820109515e-05,,Treat
,,,,,,,0.006174877205033252,0.0008735698680275953,,,,,,,0.08388703555850067,0.0034526163223228346,,0.0003739935236269711,0.0006724462229872579,,,0.4845869546551728,,,,0.016847509705544085,,,,,,,0.014160596805461147,0.014695139679439315,,,,,,0.008669707302636878,,0.10731121626025682,7.219537290243538e-05,,,,,,0.10857298160352481,0.14353781583418054,,,0.006111344080382659,,,,,,,,Treat
,,,,0.04533202681140837,2.5160778934236424e-05,,,,,,,,,,0.1091267775299278,0.022136812006992135,,0.0029945416494485707,,0.012717257818436868,,0.46602292187423816,,,,0.013336600331461406,,,,,0.0012565924015919565,,0.02572564781594514,0.019955462957349793,6.556101306788514e-06,,,,,,,0.03000857782508411,,,,,,,0.20161178053693643,0.03632252955054518,,,0.013420754010392989,,,,,,,,Treat
,,,,,,,4.786040430946955e-05,,,,,,,,0.12557338180989744,0.004682319288471551,,,,,,,,,,0.004418095872964243,0.1311622537563728,,,,0.0017808884763319483,,0.05439837625615293,0.003209125068247524,0.00019490944327549487,,,,,,,0.2091123055329295,,,,,,,0.46017849542969635,,,,0.0052419886613507775,,,,,,,,Treat
,,5.238663789733645e-05,7.797862910909375e-06,0.005317043304000679,4.930217689198746e-06,,,,0.0003383212097433019,0.0023266210706737317,5.493419841715263e-05,0.0006638011626532159,,5.238663789733645e-05,0.027469038975469567,0.0013948605093854361,,0.0003554428855211527,0.01660672720661894,,,0.6326377841795161,,,0.001110051002337562,0.005893606683574302,0.08302150166228196,,,,0.00771363823240398,2.2152137921041064e-05,0.0025213219396399865,0.007134579019427697,,0.00014530147208454018,,,,1.2388644558293833e-05,,0.16558707196323913,2.4792987586171955e-05,,,,,0.00016401375671486502,0.036829836731175805,2.418242726932095e-05,,,0.002513485281391212,,,,,,,,Treat
,,,,0.06891569263437464,,,,,,,,,,,0.03529948374588348,0.0025175392472915194,,,,,,,,,,0.07514449641034011,,,,0.013831618781978033,,,0.03301596272999589,,,,,,,,,,,,,,,,0.5500135441712695,,,0.1569053356358761,0.06435632664299079,,,,,,,,Treat
,1.255430499558703e-05,0.0009287231742617792,,0.012505712450368816,,0.0,,,,,9.334495008483533e-05,,,,0.02628082760326789,0.0014373349940594673,,0.0,0.06489991301746949,0.0006826587963482735,,0.5649286866701786,0.0003513728421706064,0.00017641013984387232,0.0020719920360128493,0.015317433676262817,0.0279616467227827,,,0.018848265492304048,0.01940071399119221,4.4191153584466336e-05,0.0014666382188962257,0.00011984191851081548,,,9.157257761487009e-05,0.00039854748941284756,,0.03760354050901725,,0.07079332371006249,2.1161713234900647e-05,3.417724912916281e-05,6.244659002510819e-05,,,,0.005593873371080753,2.1741102298240124e-05,,0.12625318052550302,0.0015367060105421844,,,6.114400823964838e-05,3.229912441062659e-07,,,,Treat
,,2.4092778999251734e-05,,0.013456430118893784,3.486981892367199e-08,,0.0016256495346378063,,,,0.0003166085423451288,,,0.0009542702236701083,0.03478678502629875,0.0008969196008869021,,4.772577213973913e-05,0.05914007823021466,0.00012824960220466828,,0.5714800250374739,,,0.0002587368289219897,0.018190937063762007,,,,,0.00721995603539536,0.00027893675431703665,0.018505859724625,0.0071042432609396645,,0.0052129907618889875,,0.00019853553381444467,,,,0.08701705919745924,,4.9963396652392285e-06,1.4897061823964815e-05,,,,0.1495076481226849,,,,0.023628333977118582,,,,,,,,Treat
,,,,0.01284294872840229,5.82711234106207e-06,,,,,,,,,,0.03531220245744334,0.0055131589499997245,,0.0005452334096789573,0.0024942028639443193,,,0.011575558892368748,,,0.002939628531472916,0.013365812667272556,0.05404968504772227,,,,0.004349802843737083,,0.016814553119446032,0.004761609361722461,,,,,,,,0.5992317545512582,,6.969364821777123e-05,,,,0.0002463155212642507,0.20400670129105947,,6.91191513751724e-05,0.00013547353669533788,0.03167071831457795,,,,,,,,Treat
,0.00020920594291710433,0.013212888219165202,,0.012423825894094256,8.281289488634542e-08,,0.0002494261084728688,,,,0.006823097361191983,,,0.014241509556018939,0.026640691201475348,0.0023525507817892186,,0.00021127333460455014,0.10622618044952652,0.017544755103897598,,0.4770820147424152,,0.0004748892678412518,0.00010487314196316156,0.03514941758055641,,,,,0.00998933122360264,0.002442270882406897,0.002143250866522685,0.019768211370658238,,0.0005263391291538243,0.0004707544844663601,0.003175020277082302,,0.00027597329718666194,,0.2231112357049114,,,0.00065430597598925,4.860295001129294e-06,,,0.013191133620272308,,4.9687879760772106e-05,2.377500440562713e-05,0.0108995943863501,,0.0001856188832103359,,2.8761430396826372e-06,,,0.00013907907715544725,Treat
,,0.0006609705541307625,3.672058634059792e-05,0.00044064703608717503,1.4314757657193949e-06,9.117869537106777e-05,,3.672058634059792e-05,,,0.001909474950085072,0.0006609705541307625,,0.008335569196488495,0.0008445729282870046,3.672058634059792e-05,,,0.012112822937533727,,,0.8525560923179057,3.672058634059792e-05,0.003194687108804786,0.0028642068496601324,,0.008490255662266508,,0.0001468823453623917,,0.00022032351804358752,0.00011016164751244425,0.004626790533634852,0.007601157469676536,5.873710529810954e-06,,,0.0032681271663924866,,,7.344117268119584e-05,0.011043782051168113,0.0001388615206889783,0.00348845849009054,,,,,0.03918081711885095,,,0.03716127128986392,0.0004773670648810254,,,,4.00548909191049e-08,0.00011016164751244425,3.672058634059792e-05,,Treat
,,0.0004395486938654203,,0.0003208598627877474,1.7052568309006214e-08,,3.0237451836200134e-05,,,,,,,0.00021668103324856314,0.027583413541095045,0.0010218618891694653,,0.00011083752887534003,0.07439853369263116,0.0009530139195407793,,0.5935570707551343,0.0052512043410293625,,0.0012683579940724575,0.01132212438541116,,,,0.022386969548337642,0.0028734026848025547,,0.02233434594686758,0.0032997085176747994,,0.0011951371472677887,,,,,,0.117538465269537,3.074702216619461e-05,,,,,,0.04879832777680403,,,0.051887666118063794,0.013181342561995267,,,,1.2526521802867355e-07,,,,Treat
,,,,,,,,,,0.125676,,,,,,,,,,,,,,,,,,,,,,,,,,,,,,,,,,,,,,,0.693369,,,,0.180955,,,,,,,,Treat
,,,,0.10046539668739064,,,,,,,0.010732652730392978,,,,0.0525546162490119,0.0035123115565081475,,0.00042993082322849424,,,,0.02968430550896502,,,,0.015457409902804198,,,,,0.0003634449745097363,,0.011400233342900308,,,,,,,0.0006596342062708862,,0.7360368037331572,,,,,,,0.03642973571856178,,,,0.0022735245662988007,,,,,,,,Treat
,,,,0.009983382581495488,6.08316986637987e-08,,,,,,,,,,0.00732835628910097,0.007845618227918951,,0.0013925049507678082,0.00889814042459823,0.0011701865444881862,,0.2802763915369698,,,0.0010539662987411082,0.02342561196506247,0.5224951311314447,,,,0.001112076421614647,,0.006228205888679686,0.0021742105415932258,3.740406371174937e-05,0.0003094919421453882,,,,,,0.04027227492394955,,,,,,0.00019373938350393207,0.07453095121414736,,,,0.011272294838368013,,,,,,,,Treat
,6.030423077146978e-06,0.00046366415434413824,,0.006787592948008425,6.441030094705709e-09,,,,,0.0006774803425732309,0.00018969449592050466,0.00012531972957196064,,0.0010044423437872935,0.008912110998087303,0.0014288961847485659,0.04433962564692226,4.384620112342282e-06,0.1421688735589853,,,0.6399454770682741,,0.00014813483021383338,0.0010277474163041846,0.00465744650305754,0.0,,,0.003091672277839148,0.007497285800518748,0.00017930457949383684,0.003779454593169172,0.0029978238187010485,,5.178625817499968e-05,7.826986618880349e-06,0.0006420641703764031,,,,0.07974284171065751,,,0.0001903226649910408,,0.00033731493611309895,,0.039557439611244354,,,,0.00997460872737355,,,4.989063214476286e-05,4.575545681618486e-07,,,1.2977972997276724e-05,Treat
,,,,0.1435497900042107,,,,,,,0.017663004660584777,,,,0.0729049921947898,0.0025699902221507503,,0.0005388362360294281,,,,0.029162447055902367,,,,0.026995931207373716,,,,0.0009041514361161098,0.00033208463226919627,,0.011879964835735371,,,,,,,0.0014576503838876216,,0.6354964723927248,,,,,,,0.05364673607404433,,,,0.0028979486641809685,,,,,,,,Treat
,,,,,,,,,,,,,,,,,,,,,,,,,,,,,,,,,,,,,,,,,,,,,,,,,,0.5555829999999999,,,0.44441699999999995,,,,,,,,Treat
,,0.00016366543844518658,,0.00799440656372594,1.2659619342340934e-05,,,,,,,0.0007918315315658195,,0.0006173086807422051,0.04960720439207012,0.014706298045516132,,0.0008658227862928815,0.0683687312038563,,,0.02908854547902964,,,0.0052333174471114845,0.03187423509340713,0.22107256319333599,,,,0.0315206766401129,,0.00657199618073317,0.00042839864149944,,,,,0.04018188124317522,,,0.23530827744504518,0.00030265726270491816,,,,0.008960795737913009,,0.042533801290716725,0.10024385232816894,,0.08290058817668557,0.02065048557880368,,,,,,,,Treat
,,,,0.04754017814712721,,,0.006897420721373605,,,,0.00014141757410862638,,,,0.0417476489743313,0.007512847889729049,,6.665661756075193e-05,0.02152366422297807,,,0.30145460248685274,0.000596265746719224,,0.0018820913750094313,0.002177302916873685,,,,,0.0063337608036025715,,0.020661352592169925,,0.00031671125870148093,0.002545641982621742,,,,,,0.11298108626486948,,,,,,,0.4219187983462544,,,,0.0037025520791167913,,,,,,,,Treat
,,,,,,,,,,,0.00706644805998961,,,0.0003724797394437834,0.04427120948557626,0.002042680428693772,,5.445610225786307e-06,0.0850448157396228,,,0.3644880427512075,6.34894086324027e-05,0.00011589539880526388,0.0004455790484746325,0.04792329196699918,,,,,0.01402334325543693,,0.006970701419019754,0.005015887512969111,0.00014351252926797606,,,2.5274038047914095e-05,,,,0.2793174545494231,,6.34894086324027e-05,0.0007697530219155585,,,,0.12280587818178669,,,,0.019025328445829617,,,,,,,,Treat
,,0.00020424627723864493,,0.005463099851528322,2.284908797574041e-07,,,,,,,,,0.0005417967641450785,0.0018328803221284327,0.0011217676891210457,,0.0002883035167708082,0.0321413099322741,0.0001392110428412018,,0.6047409418797679,0.00010305922150358371,,0.0010214316178262218,0.01823379331142723,0.2561629370064082,,,,0.00041610135653117795,4.421114456574952e-05,0.0028726231227922355,0.0014138155374288984,3.315687561937637e-05,0.0017627191579262652,,1.7960777479835745e-05,,8.331638249007417e-05,,0.030665090565472716,,,,,,8.481811973755208e-05,0.03543589313383713,,,,0.005175286902258356,,,,,,,,Treat
0.0007984969056360332,,6.685186638684257e-05,,0.024951734727860036,1.0311578672160607e-07,,0.0009091232913442911,,,,7.368193323131876e-05,,,0.0002976770799717534,0.0823524961186587,0.0030549543679145304,,5.541667871540898e-05,0.00851868173263743,,,0.23289992461861866,0.0011298068905237677,,0.0027198671490900775,0.02106910044142853,,,,,0.0026033420692888627,,0.005540788241720019,0.004301131109447593,,0.0004045262317432936,,5.350219028173006e-05,,0.0014010950758691358,,0.2589449809212056,,5.174293063997104e-06,0.00014462149113871905,,,,0.14097620167513308,0.19394078290751385,,0.0005350219028173006,0.012250914972972744,,,,,,,,Treat
0.00012196781992888944,,,,0.021044585046317073,3.523200347094074e-07,,,,,,0.004389188516976318,,,,0.05703117260561665,0.0026316357739448715,,0.0007678187153897076,0.008875781355986604,,,0.12703835340304187,,,0.005146557908006193,0.000817408729300776,0.29619371021388363,,,,,3.323711646658507e-05,8.766806030706719e-05,,0.00026977070703892216,,,,,0.00022333216979234695,,0.035226181187211485,,2.2905863568445836e-05,0.00013105932247925195,,,7.237780601782113e-05,0.42821744476708495,,,,0.011657490591606076,,,,,,,,Treat
,4.294813170720438e-05,0.00010792622550774945,,0.00382201312444803,1.0784120081380431e-07,,4.7601189121311846e-05,,,,0.00027284210996350545,,,0.001091615504849461,0.023611589839144832,0.0017911800394359379,,3.310670938887087e-05,0.05003217411078785,0.0005205659453906786,,0.7157609638860244,6.217802385223261e-05,0.00017640440674368505,0.0012753083289586064,0.020157497670405214,0.0020374403465961296,2.470649954393348e-06,,,0.0010786240038392762,0.0006681666914160613,0.007734163794732178,0.010015170776376217,,,0.00012314131147688848,0.0006903407747567414,,,,0.051722726044623135,5.6096156913090546e-05,0.00018867530151717206,5.3427805263756164e-05,,,3.8336251792336784e-05,0.01956450050385157,,,0.08310463485344047,0.004079619559692776,2.2503503334599417e-05,,,,,,1.3938583492702475e-05,Treat
,,,,0.01038373118672411,,,0.00015319667031388283,,,,,,,,0.027374276762968944,0.0063719263556725825,,0.00021240566156897027,0.0035640842605603232,0.012284546773699462,,0.5570539622617839,0.0004343886514012721,,0.008440669842451605,0.06722553966669126,,,,,0.006390188210411986,,0.01855440965232849,0.0033956092702446404,0.000185875181947798,0.0004958296471245087,,,,0.034745491809981675,,0.0828604202361194,,0.00014215839367139909,,,,,0.14632006745701198,,,,0.009286274880684816,,,,,,0.004124947166636986,,Treat
,,,,0.00705825115464796,4.325778584068935e-08,,,,,,0.0006535357278636807,,,,0.07599590506618302,0.002269827360216577,0.002976890884144333,0.00023919266170083588,0.002655489812013667,0.0002745600934809868,,0.2768051688108664,,,0.0010871404414883306,0.01470349285397941,,,,,0.0006218682735620686,,,,0.00014525410652049196,,,1.0283760932997722e-05,,3.232039150370713e-05,,0.21719510676299614,,,,,,,0.38642292728692346,,,,0.010815632695537683,,,,,,,3.710859765240448e-05,Treat
,,,,0.008041108358553664,,,0.0004268318590994337,,,0.019462424120754697,,,,,0.1032107547604839,0.01078205784335499,,,,0.0035178982932594564,,,,,,0.028846785802123603,,,,,,,0.005683040513593851,,,,,,,,,0.017657250918863387,2.8028260071524693e-05,,,,,,0.03723009215161111,0.4448217529010875,,0.31261078251899854,0.0076811916981442165,,,,,,,,Treat
,,,,0.04589082197251921,,,0.0069079447015691995,,,,9.185082668090825e-05,0.00035277649583331485,,,0.04950600118930113,0.011341601435801298,,0.00010987438512395441,0.007453979945357295,,,0.12002965107234403,6.537006004535583e-05,,0.0010420389635225759,0.0010595079509366052,,,,,0.006453751028804437,,0.020335218456124075,,0.0002741657371912147,0.0009416616072705343,,,,,,0.2467010559319353,,,,,,,0.4771598455039214,,,,0.004282882735718155,,,,,,,,Treat
,,,,0.09274329483914573,0.0002693386600121618,,0.001105214102210144,,,,,0.04937550641453604,,,0.13541442077513,0.04630986813374249,,,0.005442400960433257,,,,,,0.009530292035263335,0.0674129793215916,0.12668829144214142,,,,,,0.030742411906895365,,0.00020551621951251723,,,,,0.009908820070687517,,,,,,,,,0.37678435838485824,,,,0.048067286733840316,,,,,,,,Treat
,,,,0.04104784181748304,,,,,,,,,,,0.09399046794703521,0.013981834812622353,,0.0012213322740239464,0.01782785882271631,,,0.09653780282840496,,,,0.07796645570365239,,,,,0.000904403642079352,,0.0213822692869248,0.030610174620378235,,,,,,,,0.4225216630583773,0.00016118842271734316,,,,,,0.16690065431786996,,,,0.014946052445714742,,,,,,,,Treat
,,,,0.030297004032823063,1.7082371126711126e-05,,,,,,,,,0.00033859336136851605,0.07430987590124648,0.008838755377908398,,0.001426679122286806,0.014024095398715616,0.005510199557843144,,0.3975436574604456,0.0002815374628039818,,,0.011256670086328704,0.11877945983768438,,,,0.03717300431060594,,0.015039419829522631,0.01530631106730723,1.935701742238734e-05,,,,,,,0.10670956898691451,,,,,,,0.13465272534993927,0.017349700878803217,,,0.011126302588903392,,,,,,,,Treat
,,,,0.20232275398606953,,,,,,0.04219025807743635,,,,,0.024677899752746316,,,,0.2133490067317524,,,,,,,0.15008878976341802,,,,,,,,,,,,,,,,,,,,,,,,0.161553786629138,,0.07246917768993136,0.13334832736950802,,,,,,,,Treat
3.491114298950292e-05,9.014843781054286e-06,,,0.006861676438991064,1.3058986614301169e-08,,0.0,,,,0.0041777449002739254,,,0.0013002263097381592,4.265560228108613e-05,0.0004477128106547448,,7.633300648754503e-05,0.051636056821032526,,,0.6742862979114065,1.370549420371668e-05,0.00019833877841867001,,0.00784186357926632,0.0028017196520712493,,,,,,1.4096381738938545e-05,,3.0774098104296555e-06,,,0.000880217653142264,,7.551458571067427e-05,,0.17385539139970238,,,0.0004111159651695976,1.295070244712708e-06,,,0.06566825085079021,7.011545163042222e-06,,,0.008731877851260082,,0.0002877420868651962,,,,,0.0003361388498198535,Treat
,,,,0.0008721071054351641,,,,,,,,,,,0.19244345416109654,,,,0.0690571630988414,,,0.06733523875843053,,,,0.173414471865556,,,,,,,0.006405524509838528,0.0013494691561370072,,,,,,,,,,,,,,,0.15725699784427022,0.3156327311202073,,,0.016232842380187285,,,,,,,,Treat
,,0.0004377002759279576,,0.006023965711755641,6.852384913589962e-07,,,,8.127304345209742e-05,,4.082979888051268e-05,1.1065117093062017e-05,,0.002368490729734356,0.04401162403587571,0.0005668577343985024,0.004855245691259621,0.00017863641001331996,0.23404617688448867,,,0.34991191317526577,3.0078757163454607e-05,,0.00029982118586222625,0.013490600423718935,0.17859869983156307,,,0.00526327515107409,0.005923147516058374,,,,,0.002905148908747863,,0.0003896709030436622,,4.440542623809604e-05,,0.040555965092996644,,,7.876044044406589e-06,,,0.004373113056545989,0.08316812595161661,,,,0.016193049916722713,,,,,0.0009588721229400401,0.005263685865027325,,Treat
,,,,0.10716451967884903,,,0.0036310671970380274,,,,,,,,0.02133540329204872,0.0074031728618051814,,0.0012279630959125827,0.036237186767518775,,,0.08749429872032025,,,0.0016637849528315738,0.008265975925790002,,,,,0.007362708668749667,,0.008540162818906188,0.022251883993493246,9.090193415187034e-05,0.001002447307364345,,,,,,0.6244475544347077,,,,,,,0.057432220259350165,,,,0.004285940711429825,,,,,0.00016280737973315223,,,Treat
,,,,0.004374677084998466,,,3.721501415923325e-05,,,,,,0.05233984514743751,,0.1571215579110357,0.0049196857503023775,,,0.025161395549328877,,,0.24056778870607085,,,0.004534550930872555,0.05402495490072243,,,,,0.00025865014513784854,,0.0429512854305031,0.007224002327962564,3.7352985092909965e-06,,,,,0.0006324813387716417,,0.17418111734963057,,,,,,,0.20344091805757294,,,,0.02822613905698406,,,,,,,,Treat
,,0.0004337746218937836,,0.003584806713984686,,,1.3336490905737155e-05,,,,0.008180547466275891,,,7.242812311504541e-05,0.028505990228781232,0.0018703085503655242,,,0.04691293238625752,0.0016746521855365221,3.227851213963003e-05,0.695902456353682,0.017672251832683773,0.0005096361323348245,0.0008099757760421346,0.05872960837561485,,,,,0.0006542121020485075,,0.007660003906177529,0.008973753364086292,,0.0004594666358978307,,0.00021992363987464284,,0.003409540465724351,,0.04814971471639456,3.58148157248702e-05,,,,0.00021799307345498532,,0.0236992479723877,0.026166849135594587,,0.002925946693039083,0.012522497832959842,,,,5.189702230307835e-08,,,,Treat
,,,,0.17934675169430592,,,,,,,0.02653045443803274,,,,0.09480468607640263,0.01692456884803873,,0.0036701043298535377,,,,,,,,0.012170303344219603,,,,,,,0.020158795467440965,,,,,,,,,0.5801529705671837,,,,,,,0.06056949193576049,,,,0.005671873298761707,,,,,,,,Treat
,,4.774760208627322e-05,,0.0015348913216732068,,,7.568033834206695e-05,,,,0.0011413864141662543,,,0.0001642161328315698,0.0019442861608539904,0.0002742180319707588,,,0.04410777052315158,6.58852934092863e-05,,0.7766258830128105,0.0001137625739368585,5.22690570728966e-05,0.0004966857206338167,0.017484198431160572,0.0015091577392520332,,,,0.00013328350196706036,0.00010247190431442993,0.0015481358131445397,0.0034679992008872272,,,2.680021120178291e-06,0.00019703342370962394,,0.018625628071473926,,0.11479522777247231,,0.00010440843570449426,1.528476561443619e-05,,,,0.014054030754214958,,,,0.0013157779820250817,,,,,,,,Treat
,,,,,,,,,,,,,,,0.15440296683214855,0.013242695028014817,,,,,,,,,,0.0016181093650593126,,,,,0.0011020740556283784,,0.07086783082423946,0.000657875190659836,0.00017465507158168726,,,,,,,0.17537453247240972,,,,,,,0.5730846189524098,,,,0.009474642207848378,,,,,,,,Treat
,6.375824776758291e-05,0.001920348649668425,,0.018871710973192776,2.604953742344228e-07,,0.0004799180962106798,,0.0,,0.00013023508013450483,,,0.01360644829320925,0.01549457968658103,0.0009830726518326252,0.003699896262830718,3.645067410556554e-05,0.2023059330534054,,,0.5773477212622464,0.00046509437123119925,,0.00029394526914146784,0.011072483991288025,0.0033211039756042135,,2.258724517858792e-06,,0.006154402147525558,2.3750420678802626e-05,0.0025804236954472433,0.0031954324532409983,,0.0016307720513010198,8.917227991762283e-05,0.0011348805799071585,,0.0001606940478843132,,0.11948107581129618,,,,,,,0.009343139578992065,2.411560368468399e-05,,1.798864436378559e-06,0.006032972035421749,,,1.4347468167264401e-05,,,,3.780320375697798e-05,Treat
,,,,0.015631520894242145,1.9531139453127108e-07,,,0.0006134930932880382,,,0.0021729065106715077,,,0.0008041774666283297,0.09140750658066209,0.012474641879643027,,0.0014373318611015185,0.017985837397722804,0.014805806740777161,,0.20603143690828288,0.00297526908795967,,,0.05308847751916227,,0.0004724761915570041,,,0.009025142207097523,,0.06622047231781406,0.002566011541751842,,,,,,0.0324964405840623,,0.2079175691904325,,,,,,,0.20868444581607523,0.0410904255802473,,,0.01209841531942625,,,,,,,,Treat
0.0018382230613961255,,4.916103595227941e-06,,0.01822161791235619,6.369229800228427e-08,,,,,,0.01491020247359009,0.0007063201848363267,,0.0002630315265056511,0.02062305458198121,0.006578565961014189,0.24877985978277214,0.00023029747085937723,0.01443631276515017,,,0.3030093290938054,,8.313410957783835e-05,0.0002563568167462765,0.014336057529318146,0.009058659309853218,,,,0.002804876911009015,6.51083963953359e-05,0.013006451348418548,0.013382013685268625,4.395355218793046e-05,,,1.9024921230313007e-05,,,,0.25327463206409173,7.887318972546298e-05,2.9616526537104908e-05,1.3589229450223576e-05,,,3.8169747426363285e-06,0.058766023232663174,,,,0.005176017592624422,,,,,,,,Treat
,8.912762799030768e-06,0.000671376526774633,,0.008469634829247197,3.2448001422725944e-08,,0.000510228025198609,,,,0.0020379927839471105,,,0.0004527595037760743,0.01685949711403756,0.0010852892120482322,,3.54188328105404e-05,0.013001472205163215,,,0.8327327480816284,0.00028805032028778233,7.000831424399977e-05,0.001548421137047,0.0026623506166504303,0.0003579451672854555,,,,0.0006456998081402044,0.0007601502981773862,0.005864288297248137,0.004319096101562572,1.945686763066793e-08,0.002577358687527166,4.582442808831701e-05,0.0015573670739011138,,,,0.06222652105564385,,,7.984995058536128e-05,,,,0.03882636116850731,,,,0.0022292743855570783,,0.0,2.0620297262288317e-05,5.501648588783762e-07,,,5.488094512604183e-05,Treat
,,0.00023338792827001757,,0.011055838664762714,1.054296284352719e-06,,0.000207823022072594,,,0.007052767660495374,0.032243482292438494,0.0040009471505217074,,0.0006995344948113469,0.015237942673661853,0.006985590953133529,0.01743473091959042,,0.057296674234896906,0.00047975496276334245,0.00014363544220460128,,,,0.001468526873229848,0.0035642198914198745,,,,,0.0030399426612480952,,0.0008696787782114304,0.00011154165227060498,0.00020005206549136902,,,,0.07754696940078641,,,0.11066214034671383,4.825381312051961e-05,,,,0.005645390923069602,,0.011624244856093736,0.005187237459331998,,0.5990282292805468,0.005695389133286941,,,,,0.002061868680759589,0.020173149488512176,,Treat
,0.00043622298124336477,0.00106458796576245,,0.002765444473043164,1.931416369111339e-08,,5.4460016156155234e-05,,,,0.001964286938530398,,,0.0003372214989253667,0.004637869813110468,0.000952226803860276,,6.13698779796512e-06,0.002708667956857768,,,0.8634604790739204,8.474931725195909e-05,2.5937284261564722e-05,0.00034441658806780854,0.013569091641569775,0.0036484190198774404,,,0.003715343453945591,0.00036777762557760384,0.00014810658558297532,0.0029254201954467913,0.0013718697970797528,,0.000487168260759606,4.21400361539434e-06,0.0009455561649494443,,0.0011228019414711837,,0.055365553437121816,2.7971775960028434e-05,9.587318269084939e-06,6.957706406028822e-05,,0.003920500967597703,,0.03283490891298978,4.2048027341380206e-06,,0.00029719766546037677,0.0002371895179066609,3.146701389661276e-05,6.247398373040955e-06,,1.7513413564593218e-08,,,4.7080909388586986e-05,Treat
,,0.00044649908830406815,,0.005346524650276133,1.4705513629682743e-07,,0.0005529594684221071,,,0.006954606348604997,,,,8.652384432214482e-05,0.005974146986027891,0.0029471823956212567,,,0.03852825529411741,0.0012423742496605967,,0.5127054294524472,4.66868243321573e-05,,,0.05888272070538162,,,,,0.0006977066496526952,,0.007360943952502867,0.019191241031864325,,0.001764473546941139,,0.00011244494601698737,0.06877749817278156,0.00016825282560477075,,0.044822112123810945,0.00013502063820170998,,,,,,0.06543401778464002,,,0.15021044096749553,0.002920468158686795,,,,,,0.004691322839146692,,Treat
,,,,,,,,,,,,,,,0.09372690539949202,0.0029516696786451684,,,,,,,,,0.0017834881206871258,0.000932732886938582,0.06507910631845194,,,,0.0012602747056291131,,0.050932094245538996,0.0019039784117190134,0.00015051689113121445,,,,,,,0.4563598565954434,,,,,,,0.32077286696697327,,,,0.004146509779350099,,,,,,,,Treat
,,,,0.004667739876191412,,,,,,,,,0.05331495183070208,,0.15105768194480024,0.007058894430084806,,,0.004636067710021092,,,0.027885068813542545,,,,0.07448630486113952,,,,,,,0.04909457752550214,0.008493173283423288,,,,,,,,0.35322417450331695,,,,,,,0.23493715878222396,,,,0.031144206439052004,,,,,,,,Treat
,,,,0.017586014140694953,,,,,,,,,,,0.04742930498729369,0.01828944500271275,,,,,,0.09271091023759152,,,,0.019983210129258865,,,,0.007016033487999969,,,0.06820610868820938,,,,,,,,,0.14439240317905497,,,,,,,0.3544712562505982,,,0.12508195887975418,0.1044278249819976,,,,,0.00040553003483380026,,,Treat
