,taxaId,controlDetectionNum,treatDetectionNum,controlDetectionRate,treatDetectionRate,controlAbundance
0,taxa100175,130,34,0.3044496487119438,0.033170731707317075,0.0005646600745155623
1,taxa1004301,0,1,0.0,0.000975609756097561,0
2,taxa100883,143,341,0.33489461358313816,0.3326829268292683,7.256805666378799e-05
3,taxa101,1,32,0.00234192037470726,0.03121951219512195,0
4,taxa1011,0,4,0.0,0.003902439024390244,0
5,taxa1016,64,143,0.14988290398126464,0.13951219512195123,1.8601650438602745e-05
6,taxa1017280,76,155,0.17798594847775176,0.15121951219512195,3.784728718453205e-05
7,taxa1021,0,5,0.0,0.004878048780487805,0
8,taxa102106,381,515,0.892271662763466,0.5024390243902439,0.004381220057187657
9,taxa104204,0,0,0.0,0.0,0
10,taxa104264,0,18,0.0,0.0175609756097561,0
11,taxa1048757,0,5,0.0,0.004878048780487805,0
12,taxa1051,0,30,0.0,0.02926829268292683,0
13,taxa1054211,0,21,0.0,0.02048780487804878,0
14,taxa1055688,0,12,0.0,0.011707317073170732,0
15,taxa1060,0,26,0.0,0.025365853658536587,0
16,taxa106589,1,45,0.00234192037470726,0.04390243902439024,0
17,taxa106633,0,9,0.0,0.00878048780487805,0
18,taxa1068,0,0,0.0,0.0,0
19,taxa107,0,38,0.0,0.037073170731707315,0
20,taxa1070,0,5,0.0,0.004878048780487805,0
21,taxa1073,12,36,0.02810304449648712,0.0351219512195122,1.3540928644894146e-05
22,taxa1077265,6,24,0.01405152224824356,0.023414634146341463,4.883087516998548e-06
23,taxa1081,0,10,0.0,0.00975609756097561,0
24,taxa1082702,0,9,0.0,0.00878048780487805,0
25,taxa1082930,0,18,0.0,0.0175609756097561,0
26,taxa1091,0,54,0.0,0.05268292682926829,0
27,taxa1096776,0,0,0.0,0.0,0
28,taxa1111,0,28,0.0,0.027317073170731707,0
29,taxa1115103,1,6,0.00234192037470726,0.005853658536585366,0
30,taxa1121829,2,10,0.00468384074941452,0.00975609756097561,1.227291288657881e-05
31,taxa1123044,12,80,0.02810304449648712,0.07804878048780488,2.680035073616719e-05
32,taxa1129,26,204,0.06088992974238876,0.19902439024390245,2.2935874170954475e-05
33,taxa113286,1,23,0.00234192037470726,0.0224390243902439,0
34,taxa1134403,9,34,0.02107728337236534,0.033170731707317075,5.171788074068457e-06
35,taxa114248,0,16,0.0,0.015609756097560976,0
36,taxa1143004,0,0,0.0,0.0,0
37,taxa114627,90,104,0.2107728337236534,0.10146341463414635,3.3674328616855525e-05
38,taxa1156392,0,0,0.0,0.0,0
39,taxa1164863,0,8,0.0,0.007804878048780488,0
40,taxa1164882,35,293,0.08196721311475409,0.28585365853658534,2.1272073818233416e-05
41,taxa117563,137,680,0.32084309133489464,0.6634146341463415,3.760210350137727e-05
42,taxa118747,3,42,0.00702576112412178,0.04097560975609756,6.127951776864221e-06
43,taxa118966,72,54,0.1686182669789227,0.05268292682926829,2.4478451400882634e-05
44,taxa1190,0,18,0.0,0.0175609756097561,0
45,taxa1195526,0,0,0.0,0.0,0
46,taxa119977,46,17,0.10772833723653395,0.016585365853658537,5.85184584525056e-05
47,taxa1200657,0,15,0.0,0.014634146341463415,0
48,taxa1203,0,0,0.0,0.0,0
49,taxa120652,0,0,0.0,0.0,0
50,taxa120831,1,10,0.00234192037470726,0.00975609756097561,0
51,taxa120961,13,72,0.03044496487119438,0.0702439024390244,5.049796153382804e-06
52,taxa1210119,5,10,0.0117096018735363,0.00975609756097561,9.5035372257764e-06
53,taxa1213720,1,15,0.00234192037470726,0.014634146341463415,0
54,taxa1217416,0,1,0.0,0.000975609756097561,0
55,taxa1227,0,1,0.0,0.000975609756097561,0
56,taxa123375,77,193,0.18032786885245902,0.18829268292682927,1.942443841233292e-05
57,taxa1234,1,57,0.00234192037470726,0.055609756097560976,0
58,taxa1236988,70,76,0.16393442622950818,0.07414634146341463,3.250149656758816e-05
59,taxa1243,63,180,0.14754098360655737,0.17560975609756097,2.8282394202074816e-05
60,taxa125287,2,2,0.00468384074941452,0.001951219512195122,6.9600201404259695e-06
61,taxa1253,43,191,0.10070257611241218,0.18634146341463415,3.983167737870034e-05
62,taxa1257,27,349,0.06323185011709602,0.3404878048780488,9.66407839572468e-06
63,taxa1263,408,660,0.955503512880562,0.6439024390243903,0.030020269367458503
64,taxa1269,13,55,0.03044496487119438,0.05365853658536585,6.974862878830457e-06
65,taxa1274351,0,7,0.0,0.006829268292682927,0
66,taxa1279,62,333,0.1451990632318501,0.3248780487804878,2.1439310531994225e-05
67,taxa1279384,0,19,0.0,0.018536585365853658,0
68,taxa1279388,3,68,0.00702576112412178,0.06634146341463415,3.337680323752273e-05
69,taxa1283313,4,89,0.00936768149882904,0.08682926829268292,8.437096042375204e-05
70,taxa12916,4,96,0.00936768149882904,0.09365853658536585,2.810920505913638e-05
71,taxa129337,28,32,0.06557377049180328,0.03121951219512195,7.397364175748545e-06
72,taxa129577,0,20,0.0,0.01951219512195122,0
73,taxa12960,0,2,0.0,0.001951219512195122,0
74,taxa1298,4,94,0.00936768149882904,0.09170731707317073,4.358596263805999e-05
75,taxa1301,336,961,0.7868852459016393,0.937560975609756,0.0015731972938730929
76,taxa133,0,0,0.0,0.0,0
77,taxa13334,14,54,0.03278688524590164,0.05268292682926829,5.890523728378861e-06
78,taxa1335483,13,30,0.03044496487119438,0.02926829268292683,4.7454132968945476e-06
79,taxa133925,76,161,0.17798594847775176,0.15707317073170732,1.8498362147977234e-05
80,taxa1348911,37,120,0.08665105386416862,0.11707317073170732,0.0008897165151428785
81,taxa1350,177,517,0.41451990632318503,0.504390243902439,9.148873061077383e-05
82,taxa1354333,0,0,0.0,0.0,0
83,taxa135575,1,78,0.00234192037470726,0.07609756097560975,0
84,taxa1357,203,458,0.47540983606557374,0.44682926829268294,0.00014890434255624845
85,taxa135858,10,49,0.0234192037470726,0.04780487804878049,0.003023294046105042
86,taxa136099,0,0,0.0,0.0,0
87,taxa13687,7,205,0.01639344262295082,0.2,1.9151090508777207e-05
88,taxa1372,3,30,0.00702576112412178,0.02926829268292683,1.0941520617950076e-05
89,taxa1375,48,48,0.11241217798594848,0.04682926829268293,2.2786442438786913e-05
90,taxa1378,149,547,0.34894613583138173,0.5336585365853659,3.517523718956414e-05
91,taxa1380,82,429,0.1920374707259953,0.41853658536585364,1.8731383494632474e-05
92,taxa1386,185,409,0.4332552693208431,0.39902439024390246,7.334064126478773e-05
93,taxa1397107,0,13,0.0,0.012682926829268294,0
94,taxa140458,1,35,0.00234192037470726,0.03414634146341464,0
95,taxa140625,12,13,0.02810304449648712,0.012682926829268294,1.020376051001307e-05
96,taxa1408818,0,5,0.0,0.004878048780487805,0
97,taxa142577,0,0,0.0,0.0,0
98,taxa1433993,3,7,0.00702576112412178,0.006829268292682927,4.640006433468291e-06
99,taxa146,0,27,0.0,0.026341463414634145,0
100,taxa146918,0,14,0.0,0.013658536585365854,0
101,taxa1471399,0,6,0.0,0.005853658536585366,0
102,taxa1472344,0,1,0.0,0.000975609756097561,0
103,taxa1485,304,977,0.711943793911007,0.953170731707317,0.0026700351330684324
104,taxa1485594,0,9,0.0,0.00878048780487805,0
105,taxa1486726,127,41,0.297423887587822,0.04,4.494857836670351e-05
106,taxa150022,34,151,0.07962529274004684,0.1473170731707317,1.2794354126071244e-05
107,taxa1501226,103,45,0.24121779859484777,0.04390243902439024,3.0222429885724707e-05
108,taxa150247,9,59,0.02107728337236534,0.0575609756097561,7.895024396926024e-06
109,taxa1502725,16,27,0.03747072599531616,0.026341463414634145,1.037699498066788e-05
110,taxa150333,57,33,0.13348946135831383,0.03219512195121951,2.188301483643912e-05
111,taxa1505652,66,265,0.15456674473067916,0.25853658536585367,3.13892166291249e-05
112,taxa1505657,126,469,0.29508196721311475,0.4575609756097561,7.113738410708942e-05
113,taxa1505663,203,591,0.47540983606557374,0.5765853658536585,0.0012649196039655043
114,taxa1505664,47,36,0.11007025761124122,0.0351219512195122,1.0343819486409423e-05
115,taxa1506553,205,581,0.48009367681498827,0.5668292682926829,0.001857412869186636
116,taxa1506577,77,226,0.18032786885245902,0.22048780487804878,3.329787182575071e-05
117,taxa150818,3,8,0.00702576112412178,0.007804878048780488,1.121628144674626e-05
118,taxa1508657,205,74,0.48009367681498827,0.0721951219512195,0.03435303867395901
119,taxa151037,2,125,0.00468384074941452,0.12195121951219512,2.668664494246524e-05
120,taxa1518147,0,89,0.0,0.08682926829268292,0
121,taxa1524214,2,7,0.00468384074941452,0.006829268292682927,6.248284989530692e-06
122,taxa1524217,0,16,0.0,0.015609756097560976,0
123,taxa153265,0,5,0.0,0.004878048780487805,0
124,taxa1543705,0,22,0.0,0.021463414634146343,0
125,taxa1548510,1,11,0.00234192037470726,0.010731707317073172,0
126,taxa1551504,0,63,0.0,0.06146341463414634,0
127,taxa155493,0,2,0.0,0.001951219512195122,0
128,taxa1562,143,29,0.33489461358313816,0.02829268292682927,0.0001472470705447316
129,taxa156454,0,79,0.0,0.07707317073170732,0
130,taxa1565532,2,11,0.00468384074941452,0.010731707317073172,4.701040934749374e-06
131,taxa156973,29,98,0.06791569086651054,0.09560975609756098,9.023553309124827e-06
132,taxa156993,0,8,0.0,0.007804878048780488,0
133,taxa157,17,86,0.03981264637002342,0.08390243902439025,2.3711401745846433e-05
134,taxa157226,4,2,0.00936768149882904,0.001951219512195122,8.858734892867755e-06
135,taxa1573,187,226,0.4379391100702576,0.22048780487804878,0.0015605822661363044
136,taxa1573534,18,24,0.04215456674473068,0.023414634146341463,6.558017472067484e-06
137,taxa1573535,147,159,0.3442622950819672,0.1551219512195122,0.00010548525758982052
138,taxa1573536,36,11,0.08430913348946135,0.010731707317073172,2.2972065423887936e-05
139,taxa1573806,7,31,0.01639344262295082,0.03024390243902439,1.8016402726524724e-05
140,taxa1578,240,624,0.5620608899297423,0.608780487804878,0.0004994517762783282
141,taxa158481,0,17,0.0,0.016585365853658537,0
142,taxa158846,41,128,0.09601873536299765,0.1248780487804878,9.280012866936582e-06
143,taxa158848,0,0,0.0,0.0,0
144,taxa16,0,0,0.0,0.0,0
145,taxa160798,0,0,0.0,0.0,0
146,taxa161492,3,22,0.00702576112412178,0.021463414634146343,7.856203998835455e-06
147,taxa1618113,2,13,0.00468384074941452,0.012682926829268294,1.7036599567327645e-05
148,taxa1621534,0,0,0.0,0.0,0
149,taxa162171,0,65,0.0,0.06341463414634146,0
150,taxa162289,186,578,0.43559718969555034,0.5639024390243902,7.008415586207016e-05
151,taxa162491,0,1,0.0,0.000975609756097561,0
152,taxa1637,7,33,0.01639344262295082,0.03219512195121951,1.2924572121766104e-05
153,taxa1637257,55,47,0.1288056206088993,0.045853658536585365,1.1888507433153946e-05
154,taxa1643951,0,0,0.0,0.0,0
155,taxa1647190,1,20,0.00234192037470726,0.01951219512195122,0
156,taxa1648511,0,0,0.0,0.0,0
157,taxa1649459,71,262,0.16627634660421545,0.255609756097561,1.7725476197995204e-05
158,taxa1649490,1,7,0.00234192037470726,0.006829268292682927,0
159,taxa1649501,3,6,0.00702576112412178,0.005853658536585366,5.333739114773692e-06
160,taxa1649512,0,2,0.0,0.001951219512195122,0
161,taxa1651,0,12,0.0,0.011707317073170732,0
162,taxa1652133,1,41,0.00234192037470726,0.04,0
163,taxa1653174,1,3,0.00234192037470726,0.002926829268292683,0
164,taxa1654,203,497,0.47540983606557374,0.4848780487804878,0.0001504447989791494
165,taxa165695,12,127,0.02810304449648712,0.12390243902439024,2.8299807370122077e-05
166,taxa165696,5,42,0.0117096018735363,0.04097560975609756,9.42746473402494e-06
167,taxa165697,4,3,0.00936768149882904,0.002926829268292683,9.79855654536931e-05
168,taxa165779,22,252,0.05152224824355972,0.24585365853658536,9.343758126417293e-06
169,taxa165812,5,4,0.0117096018735363,0.003902439024390244,4.324940959815433e-06
170,taxa1663,72,150,0.1686182669789227,0.14634146341463414,1.7222263554659466e-05
171,taxa166484,89,279,0.20843091334894615,0.27219512195121953,3.561442884004383e-05
172,taxa1676142,1,20,0.00234192037470726,0.01951219512195122,0
173,taxa167639,0,45,0.0,0.04390243902439024,0
174,taxa1678,353,751,0.8266978922716628,0.7326829268292683,0.017071967785042247
175,taxa1679449,0,0,0.0,0.0,0
176,taxa168470,0,1,0.0,0.000975609756097561,0
177,taxa168694,0,0,0.0,0.0,0
178,taxa168808,0,28,0.0,0.027317073170731707,0
179,taxa1696,2,46,0.00468384074941452,0.0448780487804878,1.7489835062397877e-05
180,taxa1707,0,74,0.0,0.0721951219512195,0
181,taxa171436,0,16,0.0,0.015609756097560976,0
182,taxa1716,99,305,0.23185011709601874,0.2975609756097561,2.3561537095604435e-05
183,taxa171673,1,4,0.00234192037470726,0.003902439024390244,0
184,taxa1730,427,820,1.0,0.8,0.026706728631412328
185,taxa173479,0,84,0.0,0.08195121951219513,0
186,taxa1742989,0,30,0.0,0.02926829268292683,0
187,taxa1742993,0,4,0.0,0.003902439024390244,0
188,taxa1743,2,84,0.00468384074941452,0.08195121951219513,9.254321070872186e-05
189,taxa174708,5,38,0.0117096018735363,0.037073170731707315,1.0343819486409423e-05
190,taxa1763,2,19,0.00468384074941452,0.018536585365853658,1.4112362327335806e-05
191,taxa1769729,4,23,0.00936768149882904,0.0224390243902439,9.284994607828607e-06
192,taxa177971,6,46,0.01405152224824356,0.0448780487804878,4.620733389155934e-06
193,taxa1789690,0,0,0.0,0.0,0
194,taxa1792239,0,37,0.0,0.03609756097560975,0
195,taxa18,5,79,0.0117096018735363,0.07707317073170732,9.190428327392436e-06
196,taxa1813,0,24,0.0,0.023414634146341463,0
197,taxa1817,0,38,0.0,0.037073170731707315,0
198,taxa1822464,2,50,0.00468384074941452,0.04878048780487805,1.8541740991780112e-05
199,taxa182639,44,73,0.10304449648711944,0.07121951219512195,1.0459482046488717e-05
200,taxa1827,15,67,0.0351288056206089,0.06536585365853659,5.6166301363170925e-06
201,taxa182709,0,47,0.0,0.045853658536585365,0
202,taxa1835,0,7,0.0,0.006829268292682927,0
203,taxa1839,3,38,0.00702576112412178,0.037073170731707315,2.2558883272812072e-05
204,taxa1843210,1,25,0.00234192037470726,0.024390243902439025,0
205,taxa1847,4,13,0.00936768149882904,0.012682926829268294,1.4839205514399643e-05
206,taxa1849822,52,103,0.12177985948477751,0.10048780487804879,2.7378756012982897e-05
207,taxa1849828,67,136,0.15690866510538642,0.1326829268292683,1.797946019167612e-05
208,taxa1851,1,3,0.00234192037470726,0.002926829268292683,0
209,taxa1865,0,11,0.0,0.010731707317073172,0
210,taxa186650,0,2,0.0,0.001951219512195122,0
211,taxa1866885,7,44,0.01639344262295082,0.042926829268292686,6.974862878830457e-06
212,taxa186829,0,11,0.0,0.010731707317073172,0
213,taxa186831,4,23,0.00936768149882904,0.0224390243902439,5.735336217517633e-06
214,taxa1870884,84,245,0.19672131147540983,0.23902439024390243,2.829741106923397e-05
215,taxa187144,3,51,0.00702576112412178,0.04975609756097561,6.073856965758411e-05
216,taxa1873,0,13,0.0,0.012682926829268294,0
217,taxa187492,0,17,0.0,0.016585365853658537,0
218,taxa188143,0,12,0.0,0.011707317073170732,0
219,taxa1883,12,174,0.02810304449648712,0.16975609756097562,6.749687520102413e-06
220,taxa1884930,8,8,0.01873536299765808,0.007804878048780488,7.764231313391161e-06
221,taxa188905,3,13,0.00702576112412178,0.012682926829268294,3.259771885654474e-05
222,taxa189330,423,770,0.990632318501171,0.751219512195122,0.0026492520591222504
223,taxa1906945,14,3,0.03278688524590164,0.002926829268292683,2.9135913714945473e-05
224,taxa191,3,25,0.00702576112412178,0.024390243902439025,3.862208272570067e-06
225,taxa1911556,1,36,0.00234192037470726,0.0351219512195122,0
226,taxa1912216,17,215,0.03981264637002342,0.2097560975609756,5.171788074068457e-06
227,taxa191291,0,32,0.0,0.03121951219512195,0
228,taxa191303,11,73,0.02576112412177986,0.07121951219512195,0.0004820817293183969
229,taxa191494,1,24,0.00234192037470726,0.023414634146341463,0
230,taxa191769,1,7,0.00234192037470726,0.006829268292682927,0
231,taxa192992,1,12,0.00234192037470726,0.011707317073170732,0
232,taxa194,40,214,0.0936768149882904,0.20878048780487804,3.18458126293524e-05
233,taxa195950,26,71,0.06088992974238876,0.06926829268292684,5.931248216419396e-06
234,taxa1960084,0,10,0.0,0.00975609756097561,0
235,taxa196080,0,0,0.0,0.0,0
236,taxa196081,2,45,0.00468384074941452,0.04390243902439024,0.00011714421700257123
237,taxa196082,1,7,0.00234192037470726,0.006829268292682927,0
238,taxa198251,0,46,0.0,0.0448780487804878,0
239,taxa1988,0,8,0.0,0.007804878048780488,0
240,taxa20,2,41,0.00468384074941452,0.04,2.7476703070289432e-05
241,taxa2000,0,0,0.0,0.0,0
242,taxa200473,0,5,0.0,0.004878048780487805,0
243,taxa2004797,1,51,0.00234192037470726,0.04975609756097561,0
244,taxa2005359,76,79,0.17798594847775176,0.07707317073170732,1.7631802743809553e-05
245,taxa201096,1,0,0.00234192037470726,0.0,0
246,taxa2013,0,8,0.0,0.007804878048780488,0
247,taxa202746,0,23,0.0,0.0224390243902439,0
248,taxa202771,0,5,0.0,0.004878048780487805,0
249,taxa202907,0,11,0.0,0.010731707317073172,0
250,taxa2034,2,13,0.00468384074941452,0.012682926829268294,1.3026132248485531e-05
251,taxa203470,0,13,0.0,0.012682926829268294,0
252,taxa2035811,1,13,0.00234192037470726,0.012682926829268294,0
253,taxa203697,1,25,0.00234192037470726,0.024390243902439025,0
254,taxa2039240,205,332,0.48009367681498827,0.32390243902439025,0.000589826426691949
255,taxa204037,10,257,0.0234192037470726,0.25073170731707317,4.989770231596292e-06
256,taxa2042899,0,12,0.0,0.011707317073170732,0
257,taxa2044,0,7,0.0,0.006829268292682927,0
258,taxa204475,201,144,0.4707259953161593,0.1404878048780488,0.000255605621984468
259,taxa2048137,204,302,0.477751756440281,0.2946341463414634,0.0010938006041688528
260,taxa2050,14,4,0.03278688524590164,0.003902439024390244,5.84845179282145e-06
261,taxa2053,5,14,0.0117096018735363,0.013658536585365854,4.5125373611767375e-06
262,taxa2056,2,28,0.00468384074941452,0.027317073170731707,2.6199381399408805e-05
263,taxa2057233,162,370,0.3793911007025761,0.36097560975609755,0.00012537644759178066
264,taxa2060,0,0,0.0,0.0,0
265,taxa2063,0,2,0.0,0.001951219512195122,0
266,taxa207244,305,662,0.7142857142857143,0.6458536585365854,0.00016575231958938953
267,taxa207599,3,38,0.00702576112412178,0.037073170731707315,4.896486971727111e-06
268,taxa2086,2,3,0.00468384074941452,0.002926829268292683,7.202208882746286e-06
269,taxa209,0,31,0.0,0.03024390243902439,0
270,taxa2093,18,70,0.04215456674473068,0.06829268292682927,8.23571229029295e-06
271,taxa2094023,8,1,0.01873536299765808,0.000975609756097561,1.614208208272022e-05
272,taxa212790,0,2,0.0,0.001951219512195122,0
273,taxa212791,80,206,0.1873536299765808,0.20097560975609757,1.8227890202903742e-05
274,taxa2129,0,5,0.0,0.004878048780487805,0
275,taxa2132,150,70,0.351288056206089,0.06829268292682927,9.902202569366005e-05
276,taxa213485,0,11,0.0,0.010731707317073172,0
277,taxa2147,141,396,0.33021077283372363,0.38634146341463416,6.652766450986695e-05
278,taxa215802,0,9,0.0,0.00878048780487805,0
279,taxa216851,426,802,0.9976580796252927,0.7824390243902439,0.020570469360163476
280,taxa2172,207,107,0.4847775175644028,0.10439024390243902,0.013718850070282573
281,taxa218204,33,8,0.07728337236533958,0.007804878048780488,3.604249269705431e-05
282,taxa22,5,115,0.0117096018735363,0.11219512195121951,5.15958355688047e-06
283,taxa222,1,3,0.00234192037470726,0.002926829268292683,0
284,taxa224465,0,5,0.0,0.004878048780487805,0
285,taxa224474,0,8,0.0,0.007804878048780488,0
286,taxa225143,0,4,0.0,0.003902439024390244,0
287,taxa225447,0,0,0.0,0.0,0
288,taxa226,0,163,0.0,0.15902439024390244,0
289,taxa227388,5,80,0.0117096018735363,0.07804878048780488,6.775949167785433e-06
290,taxa227979,0,42,0.0,0.04097560975609756,0
291,taxa2282523,1,30,0.00234192037470726,0.02926829268292683,0
292,taxa2282740,25,25,0.0585480093676815,0.024390243902439025,9.792973943454222e-06
293,taxa2282741,5,9,0.0117096018735363,0.00878048780487805,4.538173380179531e-06
294,taxa2282742,51,31,0.11943793911007025,0.03024390243902439,8.272321541709136e-06
295,taxa2299,0,16,0.0,0.015609756097560976,0
296,taxa230494,0,1,0.0,0.000975609756097561,0
297,taxa2330,0,0,0.0,0.0,0
298,taxa233189,0,160,0.0,0.15609756097560976,0
299,taxa233191,12,147,0.02810304449648712,0.14341463414634145,5.124464491875886e-06
300,taxa234,0,21,0.0,0.02048780487804878,0
301,taxa2349,0,41,0.0,0.04,0
302,taxa2357,0,29,0.0,0.02829268292682927,0
303,taxa236052,0,2,0.0,0.001951219512195122,0
304,taxa236752,14,23,0.03278688524590164,0.0224390243902439,9.40647572840103e-06
305,taxa237,195,212,0.4566744730679157,0.20682926829268292,0.00011536214217210186
306,taxa2370,0,9,0.0,0.00878048780487805,0
307,taxa2373,4,13,0.00936768149882904,0.012682926829268294,8.173172136726566e-06
308,taxa239759,415,757,0.9718969555035128,0.7385365853658536,0.03695048341948711
309,taxa239934,297,295,0.6955503512880562,0.28780487804878047,0.024044730110172233
310,taxa240411,0,1,0.0,0.000975609756097561,0
311,taxa241189,195,514,0.4566744730679157,0.5014634146341463,0.00018885765719535324
312,taxa244127,247,338,0.5784543325526932,0.3297560975609756,0.002076792977774286
313,taxa244698,0,1,0.0,0.000975609756097561,0
314,taxa245876,0,0,0.0,0.0,0
315,taxa246875,98,33,0.22950819672131148,0.03219512195121951,0.0004140466557165123
316,taxa246876,0,5,0.0,0.004878048780487805,0
317,taxa248744,24,23,0.05620608899297424,0.0224390243902439,7.6235922102697966e-06
318,taxa252356,0,14,0.0,0.013658536585365854,0
319,taxa252965,22,3,0.05152224824355972,0.002926829268292683,1.5463984015932425e-05
320,taxa253183,0,2,0.0,0.001951219512195122,0
321,taxa253238,140,38,0.32786885245901637,0.037073170731707315,0.00030022163884166407
322,taxa253255,20,11,0.0468384074941452,0.010731707317073172,7.0069456960867365e-06
323,taxa254250,0,9,0.0,0.00878048780487805,0
324,taxa255204,2,11,0.00468384074941452,0.010731707317073172,2.2680522001934712e-05
325,taxa256319,0,3,0.0,0.002926829268292683,0
326,taxa258255,0,0,0.0,0.0,0
327,taxa261684,0,7,0.0,0.006829268292682927,0
328,taxa261933,1,15,0.00234192037470726,0.014634146341463415,0
329,taxa261963,0,1,0.0,0.000975609756097561,0
330,taxa262,0,33,0.0,0.03219512195121951,0
331,taxa262406,22,56,0.05152224824355972,0.054634146341463415,2.6272586499373856e-05
332,taxa264995,135,78,0.3161592505854801,0.07609756097560975,5.386132198699772e-05
333,taxa265,5,34,0.0117096018735363,0.033170731707317075,3.0369284828792056e-05
334,taxa265487,0,7,0.0,0.006829268292682927,0
335,taxa265570,4,37,0.00936768149882904,0.03609756097560975,2.872305495166466e-05
336,taxa265975,2,34,0.00468384074941452,0.033170731707317075,0.00026073863493826906
337,taxa265976,0,0,0.0,0.0,0
338,taxa265980,0,3,0.0,0.002926829268292683,0
339,taxa267408,0,1,0.0,0.000975609756097561,0
340,taxa267986,4,40,0.00936768149882904,0.03902439024390244,1.7770536451430255e-05
341,taxa269258,0,10,0.0,0.00975609756097561,0
342,taxa2697,34,489,0.07962529274004684,0.4770731707317073,1.3678136992070379e-05
343,taxa270,0,13,0.0,0.012682926829268294,0
344,taxa2701,16,51,0.03747072599531616,0.04975609756097561,2.44314768637933e-05
345,taxa271159,0,8,0.0,0.007804878048780488,0
346,taxa2717,8,73,0.01873536299765808,0.07121951219512195,1.1477008442902248e-05
347,taxa2723,22,374,0.05152224824355972,0.3648780487804878,2.3147441192569864e-05
348,taxa2735,4,39,0.00936768149882904,0.03804878048780488,4.595198320840892e-06
349,taxa2737,9,15,0.02107728337236534,0.014634146341463415,8.1627989305509e-06
350,taxa2742,0,28,0.0,0.027317073170731707,0
351,taxa2745,0,96,0.0,0.09365853658536585,0
352,taxa2747,17,58,0.03981264637002342,0.05658536585365854,5.6166301363170925e-06
353,taxa2753,1,9,0.00234192037470726,0.00878048780487805,0
354,taxa278993,66,56,0.15456674473067916,0.054634146341463415,3.3838701530520494e-05
355,taxa280472,0,0,0.0,0.0,0
356,taxa28050,4,1,0.00936768149882904,0.000975609756097561,4.286450446318777e-06
357,taxa28065,1,3,0.00234192037470726,0.002926829268292683,0
358,taxa28067,0,2,0.0,0.001951219512195122,0
359,taxa28100,1,91,0.00234192037470726,0.08878048780487804,0
360,taxa28105,0,9,0.0,0.00878048780487805,0
361,taxa281119,1,10,0.00234192037470726,0.00975609756097561,0
362,taxa28138,6,18,0.01405152224824356,0.0175609756097561,2.2174821220752894e-05
363,taxa281472,1,2,0.00234192037470726,0.001951219512195122,0
364,taxa28196,1,27,0.00234192037470726,0.026341463414634145,0
365,taxa28228,0,20,0.0,0.01951219512195122,0
366,taxa28231,1,85,0.00234192037470726,0.08292682926829269,0
367,taxa28250,0,16,0.0,0.015609756097560976,0
368,taxa28253,1,35,0.00234192037470726,0.03414634146341464,0
369,taxa28261,16,36,0.03747072599531616,0.0351219512195122,5.104689855131637e-06
370,taxa283,10,174,0.0234192037470726,0.16975609756097562,3.656978024101473e-05
371,taxa283168,276,356,0.6463700234192038,0.3473170731707317,0.0015253979945221339
372,taxa28453,53,130,0.12412177985948478,0.12682926829268293,1.7725476197995204e-05
373,taxa286,73,376,0.17096018735362997,0.3668292682926829,3.1372513770270804e-05
374,taxa286801,0,9,0.0,0.00878048780487805,0
375,taxa290180,1,8,0.00234192037470726,0.007804878048780488,0
376,taxa291988,19,64,0.04449648711943794,0.0624390243902439,6.384432019551818e-06
377,taxa292632,387,366,0.9063231850117096,0.3570731707317073,0.009400366173331405
378,taxa292635,0,8,0.0,0.007804878048780488,0
379,taxa292636,1,10,0.00234192037470726,0.00975609756097561,0
380,taxa292713,0,0,0.0,0.0,0
381,taxa29330,13,44,0.03044496487119438,0.042926829268292686,9.575507987482244e-06
382,taxa29331,0,0,0.0,0.0,0
383,taxa29393,8,115,0.01873536299765808,0.11219512195121951,6.677226222267699e-06
384,taxa29407,0,12,0.0,0.011707317073170732,0
385,taxa29465,270,900,0.6323185011709602,0.8780487804878049,0.00025016951014555564
386,taxa294702,3,72,0.00702576112412178,0.0702439024390244,3.5683628200195046e-05
387,taxa29487,2,11,0.00468384074941452,0.010731707317073172,3.426932229479948e-05
388,taxa29526,0,39,0.0,0.03804878048780488,0
389,taxa29548,0,24,0.0,0.023414634146341463,0
390,taxa29580,4,122,0.00936768149882904,0.11902439024390243,5.396312145608313e-06
391,taxa296051,0,5,0.0,0.004878048780487805,0
392,taxa305899,0,69,0.0,0.06731707317073171,0
393,taxa306539,9,19,0.02107728337236534,0.018536585365853658,9.42746473402494e-06
394,taxa308865,0,4,0.0,0.003902439024390244,0
395,taxa314318,1,15,0.00234192037470726,0.014634146341463415,0
396,taxa314343,0,13,0.0,0.012682926829268294,0
397,taxa319458,3,11,0.00702576112412178,0.010731707317073172,3.7778037357155884e-06
398,taxa31983,4,22,0.00936768149882904,0.021463414634146343,4.405536880211242e-06
399,taxa31988,0,0,0.0,0.0,0
400,taxa32008,2,58,0.00468384074941452,0.05658536585365854,2.7749562988496295e-05
401,taxa32012,0,19,0.0,0.018536585365853658,0
402,taxa32067,14,217,0.03278688524590164,0.21170731707317073,1.6695506600556534e-05
403,taxa32199,1,41,0.00234192037470726,0.04,0
404,taxa32205,0,7,0.0,0.006829268292682927,0
405,taxa32207,85,296,0.1990632318501171,0.288780487804878,2.3124557831084002e-05
406,taxa32257,0,90,0.0,0.08780487804878048,0
407,taxa323449,4,21,0.00936768149882904,0.02048780487804878,4.517936165457081e-06
408,taxa323620,1,0,0.00234192037470726,0.0,0
409,taxa326319,0,0,0.0,0.0,0
410,taxa32636,71,17,0.16627634660421545,0.016585365853658537,1.787582247984483e-05
411,taxa329857,1,5,0.00234192037470726,0.004878048780487805,0
412,taxa33024,49,71,0.11475409836065574,0.06926829268292684,1.4689460915181331e-05
413,taxa33042,400,633,0.936768149882904,0.6175609756097561,0.007116410098313602
414,taxa33057,1,23,0.00234192037470726,0.0224390243902439,0
415,taxa332102,1,18,0.00234192037470726,0.0175609756097561,0
416,taxa332162,7,37,0.01639344262295082,0.03609756097560975,4.85610960308323e-06
417,taxa332248,6,85,0.01405152224824356,0.08292682926829269,5.081362775952715e-06
418,taxa335058,1,2,0.00234192037470726,0.001951219512195122,0
419,taxa335405,8,59,0.01873536299765808,0.0575609756097561,5.280501428628099e-06
420,taxa336260,7,9,0.01639344262295082,0.00878048780487805,4.348735742728757e-06
421,taxa338,2,44,0.00468384074941452,0.042926829268292686,0.00023685807290958015
422,taxa33870,41,29,0.09601873536299765,0.02829268292682927,7.254844238970882e-06
423,taxa33877,5,36,0.0117096018735363,0.0351219512195122,1.3764060912997417e-05
424,taxa33882,12,75,0.02810304449648712,0.07317073170731707,7.948312384325722e-06
425,taxa33886,1,4,0.00234192037470726,0.003902439024390244,0
426,taxa33926,0,19,0.0,0.018536585365853658,0
427,taxa33951,8,34,0.01873536299765808,0.033170731707317075,9.208604626180178e-06
428,taxa33973,1,9,0.00234192037470726,0.00878048780487805,0
429,taxa33981,2,8,0.00468384074941452,0.007804878048780488,2.5410835865319477e-05
430,taxa33986,51,49,0.11943793911007025,0.04780487804878049,2.0392787612057446e-05
431,taxa34008,0,9,0.0,0.00878048780487805,0
432,taxa34019,1,11,0.00234192037470726,0.010731707317073172,0
433,taxa34037,11,68,0.02576112412177986,0.06634146341463415,1.121628144674626e-05
434,taxa34067,0,2,0.0,0.001951219512195122,0
435,taxa34069,0,0,0.0,0.0,0
436,taxa34072,1,6,0.00234192037470726,0.005853658536585366,0
437,taxa34084,1,20,0.00234192037470726,0.01951219512195122,0
438,taxa34098,5,42,0.0117096018735363,0.04097560975609756,1.0198159341073782e-05
439,taxa34104,0,68,0.0,0.06634146341463415,0
440,taxa343331,0,0,0.0,0.0,0
441,taxa346096,48,105,0.11241217798594848,0.1024390243902439,9.767002237764674e-06
442,taxa349,0,22,0.0,0.021463414634146343,0
443,taxa352449,0,0,0.0,0.0,0
444,taxa354354,0,0,0.0,0.0,0
445,taxa356797,4,15,0.00936768149882904,0.014634146341463415,2.1903416712175176e-05
446,taxa357,11,10,0.02576112412177986,0.00975609756097561,1.031918313691427e-05
447,taxa35829,0,0,0.0,0.0,0
448,taxa35832,257,379,0.6018735362997658,0.3697560975609756,0.00020015493555043643
449,taxa35836,1,11,0.00234192037470726,0.010731707317073172,0
450,taxa35838,0,1,0.0,0.000975609756097561,0
451,taxa359336,0,6,0.0,0.005853658536585366,0
452,taxa359337,0,3,0.0,0.002926829268292683,0
453,taxa361177,0,10,0.0,0.00975609756097561,0
454,taxa363276,1,53,0.00234192037470726,0.05170731707317073,0
455,taxa363408,7,14,0.01639344262295082,0.013658536585365854,2.8664784549709404e-05
456,taxa364316,0,1,0.0,0.000975609756097561,0
457,taxa36739,1,5,0.00234192037470726,0.004878048780487805,0
458,taxa36853,78,24,0.18266978922716628,0.023414634146341463,3.598748798773294e-05
459,taxa373053,1,4,0.00234192037470726,0.003902439024390244,0
460,taxa374,1,92,0.00234192037470726,0.0897560975609756,0
461,taxa375288,422,696,0.9882903981264637,0.6790243902439025,0.017105784092577538
462,taxa375928,3,20,0.00702576112412178,0.01951219512195122,4.601460344843577e-06
463,taxa376488,0,9,0.0,0.00878048780487805,0
464,taxa379,0,19,0.0,0.018536585365853658,0
465,taxa379074,0,1,0.0,0.000975609756097561,0
466,taxa37914,10,26,0.0234192037470726,0.025365853658536587,9.800021149852444e-06
467,taxa37924,0,0,0.0,0.0,0
468,taxa379899,0,5,0.0,0.004878048780487805,0
469,taxa386607,2,5,0.00468384074941452,0.004878048780487805,2.655808112269292e-05
470,taxa390876,38,250,0.08899297423887588,0.24390243902439024,9.68814880094557e-06
471,taxa390988,0,4,0.0,0.003902439024390244,0
472,taxa392332,0,32,0.0,0.03121951219512195,0
473,taxa392733,0,2,0.0,0.001951219512195122,0
474,taxa396388,0,0,0.0,0.0,0
475,taxa39643,0,4,0.0,0.003902439024390244,0
476,taxa396811,3,31,0.00702576112412178,0.03024390243902439,1.8021246348527155e-05
477,taxa39773,0,35,0.0,0.03414634146341464,0
478,taxa397864,329,483,0.7704918032786885,0.4712195121951219,0.02251616538273646
479,taxa39948,248,669,0.5807962529274004,0.6526829268292683,0.0018275128105337739
480,taxa400634,27,26,0.06323185011709602,0.025365853658536587,1.0824547311303907e-05
481,taxa40222,0,31,0.0,0.03024390243902439,0
482,taxa40323,2,39,0.00468384074941452,0.03804878048780488,4.595090763489039e-06
483,taxa40544,153,581,0.3583138173302108,0.5668292682926829,0.0007839338023933751
484,taxa407,13,46,0.03044496487119438,0.0448780487804878,5.049796153382804e-06
485,taxa411566,0,14,0.0,0.013658536585365854,0
486,taxa412033,0,10,0.0,0.00975609756097561,0
487,taxa41273,16,144,0.03747072599531616,0.1404878048780488,7.47828440769173e-06
488,taxa41275,23,51,0.053864168618266976,0.04975609756097561,6.974862878830457e-06
489,taxa413,0,8,0.0,0.007804878048780488,0
490,taxa413496,4,78,0.00936768149882904,0.07609756097560975,8.693464447192473e-06
491,taxa414371,0,9,0.0,0.00878048780487805,0
492,taxa414715,0,1,0.0,0.000975609756097561,0
493,taxa416,1,75,0.00234192037470726,0.07317073170731707,0
494,taxa416916,35,349,0.08196721311475409,0.3404878048780488,1.634622165153403e-05
495,taxa416949,1,17,0.00234192037470726,0.016585365853658537,0
496,taxa419014,35,67,0.08196721311475409,0.06536585365853659,3.0535247365466345e-05
497,taxa420345,131,45,0.30679156908665106,0.04390243902439024,4.2484388489040764e-05
498,taxa42054,0,30,0.0,0.02926829268292683,0
499,taxa42255,7,52,0.01639344262295082,0.050731707317073174,1.775884204291384e-05
500,taxa423349,6,8,0.01405152224824356,0.007804878048780488,4.67268823149129e-06
501,taxa423604,0,35,0.0,0.03414634146341464,0
502,taxa425,0,0,0.0,0.0,0
503,taxa427922,1,16,0.00234192037470726,0.015609756097560976,0
504,taxa42837,0,5,0.0,0.004878048780487805,0
505,taxa429,0,13,0.0,0.012682926829268294,0
506,taxa434,1,26,0.00234192037470726,0.025365853658536587,0
507,taxa43668,0,21,0.0,0.02048780487804878,0
508,taxa437504,2,9,0.00468384074941452,0.00878048780487805,4.883087516998548e-06
509,taxa43773,1,31,0.00234192037470726,0.03024390243902439,0
510,taxa43996,11,46,0.02576112412177986,0.0448780487804878,5.6166301363170925e-06
511,taxa44000,4,26,0.00936768149882904,0.025365853658536587,1.7632885900259584e-05
512,taxa44013,0,4,0.0,0.003902439024390244,0
513,taxa44249,174,375,0.40749414519906324,0.36585365853658536,8.391697555067093e-05
514,taxa44260,20,111,0.0468384074941452,0.10829268292682927,7.211571438150577e-06
515,taxa44261,117,24,0.27400468384074944,0.023414634146341463,3.0369284828792056e-05
516,taxa44262,0,6,0.0,0.005853658536585366,0
517,taxa442869,0,14,0.0,0.013658536585365854,0
518,taxa444459,0,1,0.0,0.000975609756097561,0
519,taxa44471,0,3,0.0,0.002926829268292683,0
520,taxa445,0,45,0.0,0.04390243902439024,0
521,taxa44675,0,17,0.0,0.016585365853658537,0
522,taxa447020,213,170,0.49882903981264637,0.16585365853658537,0.00016428442398751722
523,taxa44748,205,94,0.48009367681498827,0.09170731707317073,0.002361794388886327
524,taxa448125,5,40,0.0117096018735363,0.03902439024390244,5.944253716576973e-06
525,taxa453229,0,21,0.0,0.02048780487804878,0
526,taxa453850,0,1,0.0,0.000975609756097561,0
527,taxa455358,0,25,0.0,0.024390243902439025,0
528,taxa456826,0,25,0.0,0.024390243902439025,0
529,taxa458032,0,26,0.0,0.025365853658536587,0
530,taxa459532,4,7,0.00936768149882904,0.006829268292682927,5.187993890904471e-06
531,taxa459786,347,503,0.8126463700234192,0.49073170731707316,0.004586702746076996
532,taxa46123,61,167,0.14285714285714285,0.1629268292682927,1.514936906925385e-05
533,taxa46205,117,80,0.27400468384074944,0.07804878048780488,2.426168792385319e-05
534,taxa46255,73,71,0.17096018735362997,0.06926829268292684,8.771298455958131e-05
535,taxa46352,1,9,0.00234192037470726,0.00878048780487805,0
536,taxa467975,13,34,0.03044496487119438,0.033170731707317075,9.42746473402494e-06
537,taxa469,36,255,0.08430913348946135,0.24878048780487805,2.4554965521856032e-05
538,taxa46913,0,22,0.0,0.021463414634146343,0
539,taxa469322,0,69,0.0,0.06731707317073171,0
540,taxa47251,0,23,0.0,0.0224390243902439,0
541,taxa47420,0,7,0.0,0.006829268292682927,0
542,taxa47494,0,1,0.0,0.000975609756097561,0
543,taxa475,8,84,0.01873536299765808,0.08195121951219513,1.6096624450449855e-05
544,taxa475794,0,1,0.0,0.000975609756097561,0
545,taxa47670,13,53,0.03044496487119438,0.05170731707317073,5.087770161581434e-06
546,taxa48073,0,39,0.0,0.03804878048780488,0
547,taxa48075,0,140,0.0,0.13658536585365855,0
548,taxa482,32,261,0.07494145199063232,0.2546341463414634,2.202740479837756e-05
549,taxa48463,0,46,0.0,0.0448780487804878,0
550,taxa48736,3,118,0.00702576112412178,0.1151219512195122,1.4035214617246987e-05
551,taxa489140,0,16,0.0,0.015609756097560976,0
552,taxa490567,0,5,0.0,0.004878048780487805,0
553,taxa49082,1,9,0.00234192037470726,0.00878048780487805,0
554,taxa49184,36,26,0.08430913348946135,0.025365853658536587,3.313970990364216e-05
555,taxa497,4,59,0.00936768149882904,0.0575609756097561,8.812100005612186e-06
556,taxa49894,1,3,0.00234192037470726,0.002926829268292683,0
557,taxa499228,1,11,0.00234192037470726,0.010731707317073172,0
558,taxa50,0,15,0.0,0.014634146341463415,0
559,taxa501783,5,61,0.0117096018735363,0.05951219512195122,1.2100687884094676e-05
560,taxa504481,1,24,0.00234192037470726,0.023414634146341463,0
561,taxa507,0,21,0.0,0.02048780487804878,0
562,taxa50709,0,3,0.0,0.002926829268292683,0
563,taxa511434,1,16,0.00234192037470726,0.015609756097560976,0
564,taxa511678,0,3,0.0,0.002926829268292683,0
565,taxa511745,0,7,0.0,0.006829268292682927,0
566,taxa51228,0,5,0.0,0.004878048780487805,0
567,taxa51366,0,7,0.0,0.006829268292682927,0
568,taxa51668,2,35,0.00468384074941452,0.03414634146341464,1.7578638935276513e-05
569,taxa517,1,5,0.00234192037470726,0.004878048780487805,0
570,taxa519427,12,24,0.02810304449648712,0.023414634146341463,1.9931297817231437e-05
571,taxa522,0,9,0.0,0.00878048780487805,0
572,taxa52225,209,380,0.4894613583138173,0.37073170731707317,0.00033289872315799294
573,taxa526215,0,3,0.0,0.002926829268292683,0
574,taxa52784,154,41,0.36065573770491804,0.04,0.00018253716343971118
575,taxa528,0,36,0.0,0.0351219512195122,0
576,taxa52959,0,12,0.0,0.011707317073170732,0
577,taxa53,0,3,0.0,0.002926829268292683,0
578,taxa532,0,1,0.0,0.000975609756097561,0
579,taxa53246,0,138,0.0,0.13463414634146342,0
580,taxa53335,31,131,0.07259953161592506,0.1278048780487805,1.549196229685443e-05
581,taxa53452,0,0,0.0,0.0,0
582,taxa53457,1,20,0.00234192037470726,0.01951219512195122,0
583,taxa53460,5,4,0.0117096018735363,0.003902439024390244,4.5125373611767375e-06
584,taxa53572,0,1,0.0,0.000975609756097561,0
585,taxa53634,2,7,0.00468384074941452,0.006829268292682927,2.658835457523237e-05
586,taxa538,1,23,0.00234192037470726,0.0224390243902439,0
587,taxa53945,0,0,0.0,0.0,0
588,taxa541,1,16,0.00234192037470726,0.015609756097560976,0
589,taxa54298,6,0,0.01405152224824356,0.0,6.622549367012116e-06
590,taxa543311,25,186,0.0585480093676815,0.18146341463414634,1.964060518642033e-05
591,taxa544,18,86,0.04215456674473068,0.08390243902439025,6.833708653739161e-05
592,taxa545865,2,6,0.00468384074941452,0.005853658536585366,3.010556182650513e-06
593,taxa547,32,114,0.07494145199063232,0.11121951219512195,0.0006713528343774324
594,taxa55080,32,69,0.07494145199063232,0.06731707317073171,9.5043247927245e-06
595,taxa553372,131,11,0.30679156908665106,0.010731707317073172,3.436245277171e-05
596,taxa559173,74,55,0.17330210772833723,0.05365853658536585,4.43158677906033e-05
597,taxa55968,2,18,0.00468384074941452,0.0175609756097561,2.470573961240721e-05
598,taxa561,208,875,0.48711943793911006,0.8536585365853658,0.0008119073296721639
599,taxa568,0,4,0.0,0.003902439024390244,0
600,taxa568987,0,13,0.0,0.012682926829268294,0
601,taxa570,87,214,0.20374707259953162,0.20878048780487804,0.00011716655613060626
602,taxa572511,427,1007,1.0,0.9824390243902439,0.013860005604347015
603,taxa574697,215,69,0.5035128805620609,0.06731707317073171,0.0012480872720303786
604,taxa57493,6,33,0.01405152224824356,0.03219512195121951,2.0266248117357456e-05
605,taxa57494,1,25,0.00234192037470726,0.024390243902439025,0
606,taxa577309,85,326,0.1990632318501171,0.3180487804878049,0.00042423575716867625
607,taxa577310,277,327,0.6487119437939111,0.31902439024390244,0.0006596374808286239
608,taxa577469,0,2,0.0,0.001951219512195122,0
609,taxa579,52,72,0.12177985948477751,0.0702439024390244,3.2079156295390376e-05
610,taxa580596,0,20,0.0,0.01951219512195122,0
611,taxa581,1,37,0.00234192037470726,0.03609756097560975,0
612,taxa58108,0,2,0.0,0.001951219512195122,0
613,taxa58113,0,3,0.0,0.002926829268292683,0
614,taxa582472,0,0,0.0,0.0,0
615,taxa583,1,126,0.00234192037470726,0.12292682926829268,0
616,taxa586,3,102,0.00702576112412178,0.09951219512195122,5.944253716576973e-06
617,taxa588605,96,52,0.22482435597189696,0.050731707317073174,2.7602082353670295e-05
618,taxa590,50,296,0.117096018735363,0.288780487804878,2.5201112294230607e-05
619,taxa59282,0,2,0.0,0.001951219512195122,0
620,taxa596495,0,0,0.0,0.0,0
621,taxa596499,5,9,0.0117096018735363,0.00878048780487805,5.333739114773692e-06
622,taxa59732,2,33,0.00468384074941452,0.03219512195121951,6.8509790907702455e-06
623,taxa59734,0,14,0.0,0.013658536585365854,0
624,taxa59735,88,29,0.20608899297423888,0.02829268292682927,0.0001923024580620457
625,taxa59753,0,63,0.0,0.06146341463414634,0
626,taxa60136,0,13,0.0,0.012682926829268294,0
627,taxa60892,0,9,0.0,0.00878048780487805,0
628,taxa60919,2,13,0.00468384074941452,0.012682926829268294,5.377344703777886e-06
629,taxa61170,279,275,0.6533957845433255,0.2682926829268293,0.0002937229939260293
630,taxa61434,15,50,0.0351288056206089,0.04878048780487805,3.516184135207622e-05
631,taxa620,44,274,0.10304449648711944,0.2673170731707317,1.5170933663945364e-05
632,taxa626,5,46,0.0117096018735363,0.0448780487804878,3.337680323752273e-05
633,taxa626119,0,0,0.0,0.0,0
634,taxa629,5,113,0.0117096018735363,0.11024390243902439,1.0061533078490124e-05
635,taxa630749,0,6,0.0,0.005853658536585366,0
636,taxa637,0,44,0.0,0.042926829268292686,0
637,taxa638847,1,4,0.00234192037470726,0.003902439024390244,0
638,taxa64001,0,9,0.0,0.00878048780487805,0
639,taxa642,19,261,0.04449648711943794,0.2546341463414634,8.359509897556755e-06
640,taxa643949,0,2,0.0,0.001951219512195122,0
641,taxa644652,177,229,0.41451990632318503,0.22341463414634147,7.980323545389703e-05
642,taxa648800,7,26,0.01639344262295082,0.025365853658536587,4.538173380179531e-06
643,taxa649461,0,1,0.0,0.000975609756097561,0
644,taxa649462,0,3,0.0,0.002926829268292683,0
645,taxa653683,58,21,0.1358313817330211,0.02048780487804878,1.4056646120080279e-05
646,taxa65502,14,15,0.03278688524590164,0.014634146341463415,4.798866586460486e-06
647,taxa65551,0,22,0.0,0.021463414634146343,0
648,taxa657,0,99,0.0,0.09658536585365854,0
649,taxa658061,3,10,0.00702576112412178,0.00975609756097561,6.37958956570494e-06
650,taxa660514,0,4,0.0,0.003902439024390244,0
651,taxa661182,1,14,0.00234192037470726,0.013658536585365854,0
652,taxa662,0,219,0.0,0.21365853658536585,0
653,taxa666508,1,34,0.00234192037470726,0.033170731707317075,0
654,taxa66831,61,36,0.14285714285714285,0.0351219512195122,0.00046109502599404217
655,taxa670486,26,51,0.06088992974238876,0.04975609756097561,9.31989967510419e-06
656,taxa67572,0,1,0.0,0.000975609756097561,0
657,taxa67575,0,31,0.0,0.03024390243902439,0
658,taxa68,0,16,0.0,0.015609756097560976,0
659,taxa682522,1,30,0.00234192037470726,0.02926829268292683,0
660,taxa68287,1,44,0.00234192037470726,0.042926829268292686,0
661,taxa689697,12,26,0.02810304449648712,0.025365853658536587,2.5988209703098503e-05
662,taxa69278,0,0,0.0,0.0,0
663,taxa693074,0,49,0.0,0.04780487804878049,0
664,taxa69474,0,5,0.0,0.004878048780487805,0
665,taxa697025,0,0,0.0,0.0,0
666,taxa698776,93,378,0.21779859484777517,0.36878048780487804,2.0533411915158807e-05
667,taxa70190,0,0,0.0,0.0,0
668,taxa702,1,145,0.00234192037470726,0.14146341463414633,0
669,taxa704093,4,13,0.00936768149882904,0.012682926829268294,4.742262258347951e-06
670,taxa70994,3,29,0.00702576112412178,0.02829268292682927,7.313632838481112e-06
671,taxa71,0,0,0.0,0.0,0
672,taxa713,14,141,0.03278688524590164,0.1375609756097561,8.516248360031024e-05
673,taxa715222,73,25,0.17096018735362997,0.024390243902439025,2.1649141512669566e-05
674,taxa71655,5,16,0.0117096018735363,0.015609756097560976,4.896486971727111e-06
675,taxa724,246,792,0.5761124121779859,0.7726829268292683,0.00046683967980498697
676,taxa73029,0,2,0.0,0.001951219512195122,0
677,taxa74317,0,0,0.0,0.0,0
678,taxa74385,0,4,0.0,0.003902439024390244,0
679,taxa745,2,21,0.00468384074941452,0.02048780487804878,1.539416995585568e-05
680,taxa75,2,74,0.00468384074941452,0.0721951219512195,3.0987732925684695e-05
681,taxa75309,0,5,0.0,0.004878048780487805,0
682,taxa75687,0,7,0.0,0.006829268292682927,0
683,taxa759360,0,0,0.0,0.0,0
684,taxa75984,1,13,0.00234192037470726,0.012682926829268294,0
685,taxa762551,134,123,0.31381733021077285,0.12,7.392050723398674e-05
686,taxa76632,5,5,0.0117096018735363,0.004878048780487805,5.171788074068457e-06
687,taxa76634,0,3,0.0,0.002926829268292683,0
688,taxa768,0,0,0.0,0.0,0
689,taxa76831,1,4,0.00234192037470726,0.003902439024390244,0
690,taxa76833,0,7,0.0,0.006829268292682927,0
691,taxa76890,0,8,0.0,0.007804878048780488,0
692,taxa773,0,16,0.0,0.015609756097560976,0
693,taxa776,2,38,0.00468384074941452,0.037073170731707315,3.474763234838418e-06
694,taxa780,2,41,0.00468384074941452,0.04,7.86208037771463e-06
695,taxa78119,33,36,0.07728337236533958,0.0351219512195122,1.629885942827237e-05
696,taxa79206,84,69,0.19672131147540983,0.06731707317073171,5.163686424575731e-05
697,taxa79328,0,24,0.0,0.023414634146341463,0
698,taxa795750,48,71,0.11241217798594848,0.06926829268292684,9.684359073888764e-06
699,taxa80865,8,35,0.01873536299765808,0.03414634146341464,1.1225696540898017e-05
700,taxa81,2,34,0.00468384074941452,0.033170731707317075,0.0005397538031120395
701,taxa816,420,980,0.9836065573770492,0.9560975609756097,0.2782361355976045
702,taxa81682,0,0,0.0,0.0,0
703,taxa81894,26,15,0.06088992974238876,0.014634146341463415,2.339919961617179e-05
704,taxa82800,2,51,0.00468384074941452,0.04975609756097561,1.7586492802070958e-05
705,taxa82802,11,57,0.02576112412177986,0.055609756097560976,9.66407839572468e-06
706,taxa830,177,225,0.41451990632318503,0.21951219512195122,0.00014064709894189673
707,taxa832,8,56,0.01873536299765808,0.054634146341463415,5.06346853153306e-06
708,taxa83461,0,0,0.0,0.0,0
709,taxa836,153,265,0.3583138173302108,0.25853658536585367,4.4001552229319355e-05
710,taxa83618,1,8,0.00234192037470726,0.007804878048780488,0
711,taxa83660,144,56,0.3372365339578454,0.054634146341463415,0.0001470634136185339
712,taxa83681,113,35,0.2646370023419204,0.03414634146341464,8.55229646907334e-05
713,taxa83768,0,5,0.0,0.004878048780487805,0
714,taxa83770,12,41,0.02810304449648712,0.04,6.227871884144848e-06
715,taxa838,290,747,0.6791569086651054,0.728780487804878,0.0023466091312196544
716,taxa84034,0,53,0.0,0.05170731707317073,0
717,taxa84036,5,5,0.0117096018735363,0.004878048780487805,6.731602924583152e-06
718,taxa841,427,884,1.0,0.8624390243902439,0.010569763562453097
719,taxa84108,64,181,0.14988290398126464,0.17658536585365853,0.000657705952740404
720,taxa84111,247,420,0.5784543325526932,0.4097560975609756,0.0006234454734493562
721,taxa84162,2,49,0.00468384074941452,0.04780487804878049,7.89563376412902e-06
722,taxa84406,2,20,0.00468384074941452,0.01951219512195122,6.685095527611684e-06
723,taxa84565,0,28,0.0,0.027317073170731707,0
724,taxa84567,35,64,0.08196721311475409,0.0624390243902439,1.1267893500671092e-05
725,taxa846,67,52,0.15690866510538642,0.050731707317073174,0.00026839164966889267
726,taxa848,65,690,0.1522248243559719,0.6731707317073171,3.6404873575808485e-05
727,taxa85,52,7,0.12177985948477751,0.006829268292682927,3.180440495489223e-05
728,taxa85076,0,1,0.0,0.000975609756097561,0
729,taxa85079,1,15,0.00234192037470726,0.014634146341463415,0
730,taxa85274,0,3,0.0,0.002926829268292683,0
731,taxa85413,0,15,0.0,0.014634146341463415,0
732,taxa862,42,87,0.09836065573770492,0.08487804878048781,1.861120884703697e-05
733,taxa862261,27,23,0.06323185011709602,0.0224390243902439,5.944253716576973e-06
734,taxa86331,86,240,0.20140515222482436,0.23414634146341465,1.943464285862468e-05
735,taxa864,0,40,0.0,0.03902439024390244,0
736,taxa866,0,32,0.0,0.03121951219512195,0
737,taxa866673,0,9,0.0,0.00878048780487805,0
738,taxa86795,0,7,0.0,0.006829268292682927,0
739,taxa869806,0,6,0.0,0.005853658536585366,0
740,taxa872,193,304,0.4519906323185012,0.2965853658536585,0.0002371446086425934
741,taxa890,0,37,0.0,0.03609756097560975,0
742,taxa89092,0,9,0.0,0.00878048780487805,0
743,taxa893,1,39,0.00234192037470726,0.03804878048780488,0
744,taxa89404,0,12,0.0,0.011707317073170732,0
745,taxa896,1,36,0.00234192037470726,0.0351219512195122,0
746,taxa89966,4,51,0.00936768149882904,0.04975609756097561,1.5641293850115723e-05
747,taxa904,202,409,0.47306791569086654,0.39902439024390246,7.50543082321829e-05
748,taxa904708,0,19,0.0,0.018536585365853658,0
749,taxa906,117,395,0.27400468384074944,0.3853658536585366,3.399919611028378e-05
750,taxa909656,0,4,0.0,0.003902439024390244,0
751,taxa914,0,15,0.0,0.014634146341463415,0
752,taxa919,2,24,0.00468384074941452,0.023414634146341463,2.760642635803244e-05
753,taxa92944,0,0,0.0,0.0,0
754,taxa929509,3,14,0.00702576112412178,0.013658536585365854,4.85610960308323e-06
755,taxa93,0,10,0.0,0.00975609756097561,0
756,taxa93217,0,18,0.0,0.0175609756097561,0
757,taxa940557,0,22,0.0,0.021463414634146343,0
758,taxa946234,37,219,0.08665105386416862,0.21365853658536585,0.00031109046613912765
759,taxa958,1,67,0.00234192037470726,0.06536585365853659,0
760,taxa963,28,52,0.06557377049180328,0.050731707317073174,1.4572705786490472e-05
761,taxa965,0,13,0.0,0.012682926829268294,0
762,taxa970,28,235,0.06557377049180328,0.22926829268292684,8.60599924399566e-06
763,taxa978,5,11,0.0117096018735363,0.010731707317073172,4.852319876026423e-06
764,taxa984996,0,0,0.0,0.0,0
765,taxa986106,0,4,0.0,0.003902439024390244,0
766,taxa987053,0,4,0.0,0.003902439024390244,0
767,taxa990721,204,120,0.477751756440281,0.11707317073170732,0.003417365247273947
768,taxa992,0,8,0.0,0.007804878048780488,0
769,taxa999488,0,2,0.0,0.001951219512195122,0
770,taxa10,0,27,0.0,0.026341463414634145,0
771,taxa1007,0,16,0.0,0.015609756097560976,0
772,taxa100715,0,1,0.0,0.000975609756097561,0
773,taxa1013,0,3,0.0,0.002926829268292683,0
774,taxa102115,0,1,0.0,0.000975609756097561,0
775,taxa102234,21,2,0.04918032786885246,0.001951219512195122,5.15958355688047e-06
776,taxa1023,0,0,0.0,0.0,0
777,taxa1030,3,25,0.00702576112412178,0.024390243902439025,1.7181226385855e-05
778,taxa1041,0,1,0.0,0.000975609756097561,0
779,taxa104267,0,1,0.0,0.000975609756097561,0
780,taxa105,0,9,0.0,0.00878048780487805,0
781,taxa1056,0,23,0.0,0.0224390243902439,0
782,taxa105850,0,0,0.0,0.0,0
783,taxa1068904,0,0,0.0,0.0,0
784,taxa1073531,0,0,0.0,0.0,0
785,taxa1073987,0,0,0.0,0.0,0
786,taxa1078830,0,3,0.0,0.002926829268292683,0
787,taxa1080709,0,2,0.0,0.001951219512195122,0
788,taxa1084558,0,3,0.0,0.002926829268292683,0
789,taxa109168,0,18,0.0,0.0175609756097561,0
790,taxa109262,0,75,0.0,0.07317073170731707,0
791,taxa1099,1,3,0.00234192037470726,0.002926829268292683,0
792,taxa1101,0,0,0.0,0.0,0
793,taxa1107,2,13,0.00468384074941452,0.012682926829268294,1.8077813529523047e-05
794,taxa110932,2,1,0.00468384074941452,0.000975609756097561,0.00022056550288435638
795,taxa111142,1,6,0.00234192037470726,0.005853658536585366,0
796,taxa111500,0,4,0.0,0.003902439024390244,0
797,taxa112008,0,14,0.0,0.013658536585365854,0
798,taxa112040,0,0,0.0,0.0,0
799,taxa1120752,3,15,0.00702576112412178,0.014634146341463415,2.251601837000222e-05
800,taxa1123967,0,6,0.0,0.005853658536585366,0
801,taxa1125,0,4,0.0,0.003902439024390244,0
802,taxa1129704,1,0,0.00234192037470726,0.0,0
803,taxa113,1,33,0.00234192037470726,0.03219512195121951,0
804,taxa114185,0,0,0.0,0.0,0
805,taxa1142,1,6,0.00234192037470726,0.005853658536585366,0
806,taxa1152,0,24,0.0,0.023414634146341463,0
807,taxa1154,2,1,0.00468384074941452,0.000975609756097561,1.2763019917472847e-05
808,taxa1155934,1,1,0.00234192037470726,0.000975609756097561,0
809,taxa1158,0,4,0.0,0.003902439024390244,0
810,taxa1163,0,0,0.0,0.0,0
811,taxa1167830,0,0,0.0,0.0,0
812,taxa1177,0,1,0.0,0.000975609756097561,0
813,taxa117999,0,2,0.0,0.001951219512195122,0
814,taxa1184396,0,8,0.0,0.007804878048780488,0
815,taxa1186,0,0,0.0,0.0,0
816,taxa119044,0,3,0.0,0.002926829268292683,0
817,taxa119541,0,1,0.0,0.000975609756097561,0
818,taxa1205,0,0,0.0,0.0,0
819,taxa121038,2,4,0.00468384074941452,0.003902439024390244,1.7504645631130173e-05
820,taxa1218,0,39,0.0,0.03804878048780488,0
821,taxa1222,0,2,0.0,0.001951219512195122,0
822,taxa122277,0,0,0.0,0.0,0
823,taxa123,0,18,0.0,0.0175609756097561,0
824,taxa1233041,0,10,0.0,0.00975609756097561,0
825,taxa1247519,0,0,0.0,0.0,0
826,taxa125216,1,23,0.00234192037470726,0.0224390243902439,0
827,taxa1263978,0,0,0.0,0.0,0
828,taxa12914,0,0,0.0,0.0,0
829,taxa1291539,0,3,0.0,0.002926829268292683,0
830,taxa129957,0,8,0.0,0.007804878048780488,0
831,taxa13,0,1,0.0,0.000975609756097561,0
832,taxa13034,0,1,0.0,0.000975609756097561,0
833,taxa13075,1,3,0.00234192037470726,0.002926829268292683,0
834,taxa131079,2,15,0.00468384074941452,0.014634146341463415,2.9206049663151644e-05
835,taxa13134,0,17,0.0,0.016585365853658537,0
836,taxa13242,0,0,0.0,0.0,0
837,taxa13275,0,89,0.0,0.08682926829268292,0
838,taxa1329200,1,0,0.00234192037470726,0.0,0
839,taxa133193,0,1,0.0,0.000975609756097561,0
840,taxa1335745,1,7,0.00234192037470726,0.006829268292682927,0
841,taxa1341120,0,8,0.0,0.007804878048780488,0
842,taxa1344362,0,5,0.0,0.004878048780487805,0
843,taxa13724,0,4,0.0,0.003902439024390244,0
844,taxa137460,3,11,0.00702576112412178,0.010731707317073172,6.076154202584755e-06
845,taxa138,0,14,0.0,0.013658536585365854,0
846,taxa1381133,0,18,0.0,0.0175609756097561,0
847,taxa138117,0,0,0.0,0.0,0
848,taxa1397106,0,1,0.0,0.000975609756097561,0
849,taxa1400059,0,0,0.0,0.0,0
850,taxa141948,1,2,0.00234192037470726,0.001951219512195122,0
851,taxa142841,0,2,0.0,0.001951219512195122,0
852,taxa1434010,5,16,0.0117096018735363,0.015609756097560976,1.1968163751986795e-05
853,taxa1434011,0,8,0.0,0.007804878048780488,0
854,taxa1434049,0,7,0.0,0.006829268292682927,0
855,taxa1436289,0,2,0.0,0.001951219512195122,0
856,taxa145260,0,0,0.0,0.0,0
857,taxa1453359,0,0,0.0,0.0,0
858,taxa146784,0,8,0.0,0.007804878048780488,0
859,taxa146785,0,0,0.0,0.0,0
860,taxa146813,0,2,0.0,0.001951219512195122,0
861,taxa146935,0,0,0.0,0.0,0
862,taxa146936,0,0,0.0,0.0,0
863,taxa146937,0,1,0.0,0.000975609756097561,0
864,taxa147067,0,3,0.0,0.002926829268292683,0
865,taxa1481960,3,18,0.00702576112412178,0.0175609756097561,1.7725476197995204e-05
866,taxa1501433,0,0,0.0,0.0,0
867,taxa1505660,0,6,0.0,0.005853658536585366,0
868,taxa152053,0,0,0.0,0.0,0
869,taxa1524249,0,24,0.0,0.023414634146341463,0
870,taxa153232,0,0,0.0,0.0,0
871,taxa1541743,0,10,0.0,0.00975609756097561,0
872,taxa1541822,0,4,0.0,0.003902439024390244,0
873,taxa1543704,0,1,0.0,0.000975609756097561,0
874,taxa1549126,1,38,0.00234192037470726,0.037073170731707315,0
875,taxa1549129,0,3,0.0,0.002926829268292683,0
876,taxa156885,1,0,0.00234192037470726,0.0,0
877,taxa1569,11,27,0.02576112412177986,0.026341463414634145,9.148873061077382e-06
878,taxa159345,0,0,0.0,0.0,0
879,taxa160674,0,3,0.0,0.002926829268292683,0
880,taxa160795,29,12,0.06791569086651054,0.011707317073170732,9.190428327392436e-06
881,taxa1609627,0,0,0.0,0.0,0
882,taxa1612157,0,0,0.0,0.0,0
883,taxa1616789,0,14,0.0,0.013658536585365854,0
884,taxa162027,0,3,0.0,0.002926829268292683,0
885,taxa162290,0,1,0.0,0.000975609756097561,0
886,taxa162985,4,0,0.00936768149882904,0.0,1.6546108852223388e-05
887,taxa1645,0,0,0.0,0.0,0
888,taxa1647,56,59,0.13114754098360656,0.0575609756097561,2.5483526200048886e-05
889,taxa1648517,0,6,0.0,0.005853658536585366,0
890,taxa1649,0,27,0.0,0.026341463414634145,0
891,taxa1649279,0,0,0.0,0.0,0
892,taxa1649452,0,0,0.0,0.0,0
893,taxa1649453,0,43,0.0,0.041951219512195125,0
894,taxa1649466,0,20,0.0,0.01951219512195122,0
895,taxa1649480,0,1,0.0,0.000975609756097561,0
896,taxa1649482,15,11,0.0351288056206089,0.010731707317073172,8.649881919630865e-06
897,taxa1649487,0,1,0.0,0.000975609756097561,0
898,taxa1654931,0,0,0.0,0.0,0
899,taxa167375,0,12,0.0,0.011707317073170732,0
900,taxa168658,0,1,0.0,0.000975609756097561,0
901,taxa1697027,7,15,0.01639344262295082,0.014634146341463415,1.0941520617950076e-05
902,taxa171,0,4,0.0,0.003902439024390244,0
903,taxa171868,0,1,0.0,0.000975609756097561,0
904,taxa172900,0,33,0.0,0.03219512195121951,0
905,taxa1740,0,1,0.0,0.000975609756097561,0
906,taxa174951,0,0,0.0,0.0,0
907,taxa1754,23,12,0.053864168618266976,0.011707317073170732,5.049796153382804e-06
908,taxa1765964,0,9,0.0,0.00878048780487805,0
909,taxa177399,0,1,0.0,0.000975609756097561,0
910,taxa1778601,0,1,0.0,0.000975609756097561,0
911,taxa178440,0,30,0.0,0.02926829268292683,0
912,taxa178469,0,0,0.0,0.0,0
913,taxa1784839,0,0,0.0,0.0,0
914,taxa178898,1,6,0.00234192037470726,0.005853658536585366,0
915,taxa179,0,3,0.0,0.002926829268292683,0
916,taxa1792303,0,0,0.0,0.0,0
917,taxa180162,0,32,0.0,0.03121951219512195,0
918,taxa180541,0,21,0.0,0.02048780487804878,0
919,taxa182269,1,6,0.00234192037470726,0.005853658536585366,0
920,taxa182899,0,4,0.0,0.003902439024390244,0
921,taxa184869,55,35,0.1288056206088993,0.03414634146341464,3.392354570433555e-05
922,taxa1854,0,5,0.0,0.004878048780487805,0
923,taxa1855402,0,3,0.0,0.002926829268292683,0
924,taxa1860,1,2,0.00234192037470726,0.001951219512195122,0
925,taxa186188,0,1,0.0,0.000975609756097561,0
926,taxa191028,0,0,0.0,0.0,0
927,taxa1912215,0,5,0.0,0.004878048780487805,0
928,taxa1912217,0,23,0.0,0.0224390243902439,0
929,taxa192987,0,4,0.0,0.003902439024390244,0
930,taxa1937972,0,3,0.0,0.002926829268292683,0
931,taxa194195,0,0,0.0,0.0,0
932,taxa196118,0,3,0.0,0.002926829268292683,0
933,taxa200414,0,0,0.0,0.0,0
934,taxa200677,0,8,0.0,0.007804878048780488,0
935,taxa2019,0,0,0.0,0.0,0
936,taxa2023,8,15,0.01873536299765808,0.014634146341463415,6.226053849421273e-06
937,taxa203133,0,6,0.0,0.005853658536585366,0
938,taxa2035349,0,13,0.0,0.012682926829268294,0
939,taxa2038,1,0,0.00234192037470726,0.0,0
940,taxa203804,1,28,0.00234192037470726,0.027317073170731707,0
941,taxa2040,0,15,0.0,0.014634146341463415,0
942,taxa204446,0,0,0.0,0.0,0
943,taxa204447,0,0,0.0,0.0,0
944,taxa204456,0,2,0.0,0.001951219512195122,0
945,taxa204474,1,7,0.00234192037470726,0.006829268292682927,0
946,taxa204476,0,0,0.0,0.0,0
947,taxa206664,0,16,0.0,0.015609756097560976,0
948,taxa2071,0,1,0.0,0.000975609756097561,0
949,taxa2077,8,15,0.01873536299765808,0.014634146341463415,3.078059525928814e-05
950,taxa208215,0,8,0.0,0.007804878048780488,0
951,taxa208447,0,0,0.0,0.0,0
952,taxa214906,0,4,0.0,0.003902439024390244,0
953,taxa2152,2,3,0.00468384074941452,0.002926829268292683,4.533610098708841e-06
954,taxa2160,2,0,0.00468384074941452,0.0,1.805663709299131e-05
955,taxa216431,0,0,0.0,0.0,0
956,taxa217161,0,1,0.0,0.000975609756097561,0
957,taxa2175,0,0,0.0,0.0,0
958,taxa218207,0,5,0.0,0.004878048780487805,0
959,taxa2184,0,5,0.0,0.004878048780487805,0
960,taxa2204,0,0,0.0,0.0,0
961,taxa2207,0,0,0.0,0.0,0
962,taxa2212691,0,2,0.0,0.001951219512195122,0
963,taxa2212731,0,3,0.0,0.002926829268292683,0
964,taxa2237,1,4,0.00234192037470726,0.003902439024390244,0
965,taxa223927,1,4,0.00234192037470726,0.003902439024390244,0
966,taxa224459,0,0,0.0,0.0,0
967,taxa2260,0,0,0.0,0.0,0
968,taxa2263,0,0,0.0,0.0,0
969,taxa2268,0,4,0.0,0.003902439024390244,0
970,taxa227873,0,1,0.0,0.000975609756097561,0
971,taxa2289,0,1,0.0,0.000975609756097561,0
972,taxa2295,1,17,0.00234192037470726,0.016585365853658537,0
973,taxa230355,0,0,0.0,0.0,0
974,taxa230666,0,1,0.0,0.000975609756097561,0
975,taxa2316,4,35,0.00936768149882904,0.03414634146341464,0.00020179370034870196
976,taxa232115,0,0,0.0,0.0,0
977,taxa232244,0,3,0.0,0.002926829268292683,0
978,taxa2335,0,0,0.0,0.0,0
979,taxa235572,0,29,0.0,0.02829268292682927,0
980,taxa235888,6,8,0.01405152224824356,0.007804878048780488,1.1189875415308985e-05
981,taxa237444,0,2,0.0,0.001951219512195122,0
982,taxa2375,5,76,0.0117096018735363,0.07414634146341463,6.974862878830457e-06
983,taxa238783,0,12,0.0,0.011707317073170732,0
984,taxa240236,0,5,0.0,0.004878048780487805,0
985,taxa241192,0,1,0.0,0.000975609756097561,0
986,taxa241421,0,4,0.0,0.003902439024390244,0
987,taxa2420,0,1,0.0,0.000975609756097561,0
988,taxa2422,0,1,0.0,0.000975609756097561,0
989,taxa2425,0,47,0.0,0.045853658536585365,0
990,taxa2433,0,1,0.0,0.000975609756097561,0
991,taxa243627,0,2,0.0,0.001951219512195122,0
992,taxa245186,0,6,0.0,0.005853658536585366,0
993,taxa246873,0,24,0.0,0.023414634146341463,0
994,taxa249529,1,6,0.00234192037470726,0.005853658536585366,0
995,taxa252306,0,1,0.0,0.000975609756097561,0
996,taxa256616,0,19,0.0,0.018536585365853658,0
997,taxa256846,6,37,0.01405152224824356,0.03609756097560975,7.764231313391161e-06
998,taxa257820,0,7,0.0,0.006829268292682927,0
999,taxa265488,0,3,0.0,0.002926829268292683,0
1000,taxa268408,0,1,0.0,0.000975609756097561,0
1001,taxa269260,0,7,0.0,0.006829268292682927,0
1002,taxa269773,0,0,0.0,0.0,0
1003,taxa270497,0,13,0.0,0.012682926829268294,0
1004,taxa271087,1,8,0.00234192037470726,0.007804878048780488,0
1005,taxa273135,0,4,0.0,0.003902439024390244,0
1006,taxa2733,1,32,0.00234192037470726,0.03121951219512195,0
1007,taxa2740,0,25,0.0,0.024390243902439025,0
1008,taxa274470,0,0,0.0,0.0,0
1009,taxa274591,0,0,0.0,0.0,0
1010,taxa2755,0,5,0.0,0.004878048780487805,0
1011,taxa279,0,0,0.0,0.0,0
1012,taxa28033,0,33,0.0,0.03219512195121951,0
1013,taxa28048,9,6,0.02107728337236534,0.005853658536585366,6.066098865179073e-06
1014,taxa28063,4,4,0.00936768149882904,0.003902439024390244,7.052934803220301e-06
1015,taxa28070,0,0,0.0,0.0,0
1016,taxa28186,0,0,0.0,0.0,0
1017,taxa281915,0,2,0.0,0.001951219512195122,0
1018,taxa28194,0,0,0.0,0.0,0
1019,taxa282132,0,13,0.0,0.012682926829268294,0
1020,taxa28222,0,1,0.0,0.000975609756097561,0
1021,taxa28236,0,5,0.0,0.004878048780487805,0
1022,taxa28263,0,2,0.0,0.001951219512195122,0
1023,taxa283810,0,0,0.0,0.0,0
1024,taxa285105,0,4,0.0,0.003902439024390244,0
1025,taxa285107,0,0,0.0,0.0,0
1026,taxa286130,0,24,0.0,0.023414634146341463,0
1027,taxa286729,1,9,0.00234192037470726,0.00878048780487805,0
1028,taxa288021,0,8,0.0,0.007804878048780488,0
1029,taxa28884,0,1,0.0,0.000975609756097561,0
1030,taxa28895,0,7,0.0,0.006829268292682927,0
1031,taxa289201,0,3,0.0,0.002926829268292683,0
1032,taxa290174,0,2,0.0,0.001951219512195122,0
1033,taxa290425,0,1,0.0,0.000975609756097561,0
1034,taxa290731,0,0,0.0,0.0,0
1035,taxa291183,0,0,0.0,0.0,0
1036,taxa292691,0,1,0.0,0.000975609756097561,0
1037,taxa293088,0,1,0.0,0.000975609756097561,0
1038,taxa293136,4,20,0.00936768149882904,0.01951219512195122,6.7272406653118455e-06
1039,taxa29404,2,9,0.00468384074941452,0.00878048780487805,0.0006328558051452598
1040,taxa29521,6,3,0.01405152224824356,0.002926829268292683,0.0002200563186207005
1041,taxa295418,1,17,0.00234192037470726,0.016585365853658537,0
1042,taxa29574,6,0,0.01405152224824356,0.0,2.3738011409086887e-05
1043,taxa299566,2,46,0.00468384074941452,0.0448780487804878,1.6257551530260553e-05
1044,taxa302485,0,0,0.0,0.0,0
1045,taxa303379,0,0,0.0,0.0,0
1046,taxa305976,0,2,0.0,0.001951219512195122,0
1047,taxa309512,0,0,0.0,0.0,0
1048,taxa312278,2,15,0.00468384074941452,0.014634146341463415,4.251107353019179e-06
1049,taxa316612,0,9,0.0,0.00878048780487805,0
1050,taxa316625,0,3,0.0,0.002926829268292683,0
1051,taxa318147,0,1,0.0,0.000975609756097561,0
1052,taxa31980,0,0,0.0,0.0,0
1053,taxa32,1,10,0.00234192037470726,0.00975609756097561,0
1054,taxa32014,0,1,0.0,0.000975609756097561,0
1055,taxa32068,0,3,0.0,0.002926829268292683,0
1056,taxa327159,0,0,0.0,0.0,0
1057,taxa33055,0,3,0.0,0.002926829268292683,0
1058,taxa33071,18,24,0.04215456674473068,0.023414634146341463,6.469850174322207e-05
1059,taxa331971,0,3,0.0,0.002926829268292683,0
1060,taxa332157,0,0,0.0,0.0,0
1061,taxa334107,0,10,0.0,0.00975609756097561,0
1062,taxa335927,0,1,0.0,0.000975609756097561,0
1063,taxa338191,1,12,0.00234192037470726,0.011707317073170732,0
1064,taxa338321,0,21,0.0,0.02048780487804878,0
1065,taxa33969,0,0,0.0,0.0,0
1066,taxa33983,0,16,0.0,0.015609756097560976,0
1067,taxa33993,0,1,0.0,0.000975609756097561,0
1068,taxa34016,0,2,0.0,0.001951219512195122,0
1069,taxa34100,0,0,0.0,0.0,0
1070,taxa34102,0,0,0.0,0.0,0
1071,taxa349742,0,7,0.0,0.006829268292682927,0
1072,taxa351195,0,4,0.0,0.003902439024390244,0
1073,taxa352,0,13,0.0,0.012682926829268294,0
1074,taxa352450,0,8,0.0,0.007804878048780488,0
1075,taxa35750,0,9,0.0,0.00878048780487805,0
1076,taxa35753,0,1,0.0,0.000975609756097561,0
1077,taxa35798,0,7,0.0,0.006829268292682927,0
1078,taxa358023,0,0,0.0,0.0,0
1079,taxa35823,39,3,0.09133489461358314,0.002926829268292683,0.00017254435226248113
1080,taxa359407,0,14,0.0,0.013658536585365854,0
1081,taxa361607,0,25,0.0,0.024390243902439025,0
1082,taxa364031,0,0,0.0,0.0,0
1083,taxa364409,0,0,0.0,0.0,0
1084,taxa365032,0,28,0.0,0.027317073170731707,0
1085,taxa365348,7,37,0.01639344262295082,0.03609756097560975,5.944253716576973e-06
1086,taxa366614,0,4,0.0,0.003902439024390244,0
1087,taxa367771,0,6,0.0,0.005853658536585366,0
1088,taxa373984,4,2,0.00936768149882904,0.001951219512195122,2.191720009308162e-05
1089,taxa37817,0,1,0.0,0.000975609756097561,0
1090,taxa379068,0,3,0.0,0.002926829268292683,0
1091,taxa379070,0,0,0.0,0.0,0
1092,taxa380240,0,1,0.0,0.000975609756097561,0
1093,taxa38501,0,5,0.0,0.004878048780487805,0
1094,taxa390846,0,3,0.0,0.002926829268292683,0
1095,taxa392735,0,1,0.0,0.000975609756097561,0
1096,taxa393029,0,19,0.0,0.018536585365853658,0
1097,taxa399320,2,27,0.00468384074941452,0.026341463414634145,2.0469341183736543e-05
1098,taxa40,0,0,0.0,0.0,0
1099,taxa400060,0,0,0.0,0.0,0
1100,taxa40136,0,0,0.0,0.0,0
1101,taxa401618,0,2,0.0,0.001951219512195122,0
1102,taxa404,1,0,0.00234192037470726,0.0,0
1103,taxa407217,0,6,0.0,0.005853658536585366,0
1104,taxa41201,0,0,0.0,0.0,0
1105,taxa412592,0,12,0.0,0.011707317073170732,0
1106,taxa414878,0,2,0.0,0.001951219512195122,0
1107,taxa41707,1,6,0.00234192037470726,0.005853658536585366,0
1108,taxa417127,0,1,0.0,0.000975609756097561,0
1109,taxa42417,0,12,0.0,0.011707317073170732,0
1110,taxa42418,0,2,0.0,0.001951219512195122,0
1111,taxa42447,8,7,0.01873536299765808,0.006829268292682927,7.002068759642479e-06
1112,taxa426598,0,0,0.0,0.0,0
1113,taxa427077,0,0,0.0,0.0,0
1114,taxa43673,0,0,0.0,0.0,0
1115,taxa43676,0,4,0.0,0.003902439024390244,0
1116,taxa43947,1,20,0.00234192037470726,0.01951219512195122,0
1117,taxa43988,0,13,0.0,0.012682926829268294,0
1118,taxa44011,0,1,0.0,0.000975609756097561,0
1119,taxa441,2,2,0.00468384074941452,0.001951219512195122,9.536242722790858e-06
1120,taxa442430,46,46,0.10772833723653395,0.0448780487804878,2.7910374407951598e-05
1121,taxa442431,0,8,0.0,0.007804878048780488,0
1122,taxa44259,1,1,0.00234192037470726,0.000975609756097561,0
1123,taxa446680,0,0,0.0,0.0,0
1124,taxa447467,0,5,0.0,0.004878048780487805,0
1125,taxa449972,0,0,0.0,0.0,0
1126,taxa450803,0,10,0.0,0.00975609756097561,0
1127,taxa451373,0,1,0.0,0.000975609756097561,0
1128,taxa45247,0,0,0.0,0.0,0
1129,taxa453849,0,0,0.0,0.0,0
1130,taxa456492,7,1,0.01639344262295082,0.000975609756097561,1.0941520617950076e-05
1131,taxa45654,0,4,0.0,0.003902439024390244,0
1132,taxa45662,1,1,0.00234192037470726,0.000975609756097561,0
1133,taxa45667,1,16,0.00234192037470726,0.015609756097560976,0
1134,taxa45669,1,18,0.00234192037470726,0.0175609756097561,0
1135,taxa45989,0,0,0.0,0.0,0
1136,taxa460073,0,0,0.0,0.0,0
1137,taxa46239,2,4,0.00468384074941452,0.003902439024390244,1.7928879970255705e-05
1138,taxa46254,0,15,0.0,0.014634146341463415,0
1139,taxa46466,0,1,0.0,0.000975609756097561,0
1140,taxa466152,0,7,0.0,0.006829268292682927,0
1141,taxa47054,0,0,0.0,0.0,0
1142,taxa471826,0,1,0.0,0.000975609756097561,0
1143,taxa472054,0,0,0.0,0.0,0
1144,taxa475087,0,0,0.0,0.0,0
1145,taxa475230,0,0,0.0,0.0,0
1146,taxa476528,0,0,0.0,0.0,0
1147,taxa477695,0,0,0.0,0.0,0
1148,taxa478070,0,1,0.0,0.000975609756097561,0
1149,taxa48001,0,15,0.0,0.014634146341463415,0
1150,taxa496496,0,1,0.0,0.000975609756097561,0
1151,taxa497742,0,1,0.0,0.000975609756097561,0
1152,taxa499,13,6,0.03044496487119438,0.005853658536585366,5.944253716576973e-06
1153,taxa501022,0,0,0.0,0.0,0
1154,taxa503005,0,5,0.0,0.004878048780487805,0
1155,taxa508459,37,4,0.08665105386416862,0.003902439024390244,2.4189304102304355e-05
1156,taxa51194,0,1,0.0,0.000975609756097561,0
1157,taxa51196,0,0,0.0,0.0,0
1158,taxa518746,0,1,0.0,0.000975609756097561,0
1159,taxa518753,0,1,0.0,0.000975609756097561,0
1160,taxa52605,0,0,0.0,0.0,0
1161,taxa52972,0,1,0.0,0.000975609756097561,0
1162,taxa53244,0,18,0.0,0.0175609756097561,0
1163,taxa53357,0,0,0.0,0.0,0
1164,taxa535,1,8,0.00234192037470726,0.007804878048780488,0
1165,taxa54253,0,0,0.0,0.0,0
1166,taxa54304,1,16,0.00234192037470726,0.015609756097560976,0
1167,taxa55079,6,30,0.01405152224824356,0.02926829268292683,1.4099019838917728e-05
1168,taxa551,0,0,0.0,0.0,0
1169,taxa551759,0,0,0.0,0.0,0
1170,taxa55506,1,89,0.00234192037470726,0.08682926829268292,0
1171,taxa56106,0,0,0.0,0.0,0
1172,taxa56112,35,30,0.08196721311475409,0.02926829268292683,8.62357216161913e-06
1173,taxa56433,0,0,0.0,0.0,0
1174,taxa565005,3,2,0.00702576112412178,0.001951219512195122,6.050343942047338e-06
1175,taxa568394,0,1,0.0,0.000975609756097561,0
1176,taxa574559,0,0,0.0,0.0,0
1177,taxa57479,0,0,0.0,0.0,0
1178,taxa57499,0,12,0.0,0.011707317073170732,0
1179,taxa57665,0,33,0.0,0.03219512195121951,0
1180,taxa57739,0,3,0.0,0.002926829268292683,0
1181,taxa580024,0,1,0.0,0.000975609756097561,0
1182,taxa58050,0,10,0.0,0.00975609756097561,0
1183,taxa59,0,9,0.0,0.00878048780487805,0
1184,taxa59613,0,14,0.0,0.013658536585365854,0
1185,taxa596707,1,5,0.00234192037470726,0.004878048780487805,0
1186,taxa59738,5,3,0.0117096018735363,0.002926829268292683,2.136839777030647e-05
1187,taxa59739,1,1,0.00234192037470726,0.000975609756097561,0
1188,taxa59740,0,3,0.0,0.002926829268292683,0
1189,taxa6,0,0,0.0,0.0,0
1190,taxa613,1,3,0.00234192037470726,0.002926829268292683,0
1191,taxa61593,0,11,0.0,0.010731707317073172,0
1192,taxa623282,0,22,0.0,0.021463414634146343,0
1193,taxa63132,0,4,0.0,0.003902439024390244,0
1194,taxa635,0,0,0.0,0.0,0
1195,taxa64,0,0,0.0,0.0,0
1196,taxa64159,0,0,0.0,0.0,0
1197,taxa643701,0,3,0.0,0.002926829268292683,0
1198,taxa648802,0,1,0.0,0.000975609756097561,0
1199,taxa64895,0,0,0.0,0.0,0
1200,taxa649460,0,0,0.0,0.0,0
1201,taxa64968,0,3,0.0,0.002926829268292683,0
1202,taxa650341,0,1,0.0,0.000975609756097561,0
1203,taxa651456,1,0,0.00234192037470726,0.0,0
1204,taxa653686,0,1,0.0,0.000975609756097561,0
1205,taxa65496,0,2,0.0,0.001951219512195122,0
1206,taxa660628,1,5,0.00234192037470726,0.004878048780487805,0
1207,taxa667113,0,3,0.0,0.002926829268292683,0
1208,taxa66848,0,7,0.0,0.006829268292682927,0
1209,taxa669357,0,3,0.0,0.002926829268292683,0
1210,taxa674963,0,4,0.0,0.003902439024390244,0
1211,taxa68034,0,0,0.0,0.0,0
1212,taxa68288,0,1,0.0,0.000975609756097561,0
1213,taxa68335,0,5,0.0,0.004878048780487805,0
1214,taxa695999,0,7,0.0,0.006829268292682927,0
1215,taxa697331,0,0,0.0,0.0,0
1216,taxa69894,16,34,0.03747072599531616,0.033170731707317075,9.466158866156786e-06
1217,taxa69965,0,2,0.0,0.001951219512195122,0
1218,taxa70411,0,13,0.0,0.012682926829268294,0
1219,taxa70774,0,14,0.0,0.013658536585365854,0
1220,taxa70992,0,1,0.0,0.000975609756097561,0
1221,taxa71666,0,13,0.0,0.012682926829268294,0
1222,taxa718013,0,2,0.0,0.001951219512195122,0
1223,taxa72021,0,5,0.0,0.004878048780487805,0
1224,taxa72763,0,5,0.0,0.004878048780487805,0
1225,taxa73918,0,29,0.0,0.02829268292682927,0
1226,taxa74030,0,22,0.0,0.021463414634146343,0
1227,taxa74968,0,1,0.0,0.000975609756097561,0
1228,taxa75905,0,0,0.0,0.0,0
1229,taxa76023,0,3,0.0,0.002926829268292683,0
1230,taxa767891,0,29,0.0,0.02829268292682927,0
1231,taxa79603,0,1,0.0,0.000975609756097561,0
1232,taxa810,0,37,0.0,0.03609756097560975,0
1233,taxa81411,1,2,0.00234192037470726,0.001951219512195122,0
1234,taxa81461,1,3,0.00234192037470726,0.002926829268292683,0
1235,taxa81466,0,20,0.0,0.01951219512195122,0
1236,taxa82373,12,29,0.02810304449648712,0.02829268292682927,1.5782395788167596e-05
1237,taxa82978,0,1,0.0,0.000975609756097561,0
1238,taxa83551,0,28,0.0,0.027317073170731707,0
1239,taxa83612,0,6,0.0,0.005853658536585366,0
1240,taxa83677,0,0,0.0,0.0,0
1241,taxa83766,0,2,0.0,0.001951219512195122,0
1242,taxa843,0,1,0.0,0.000975609756097561,0
1243,taxa84404,2,4,0.00468384074941452,0.003902439024390244,2.1133288052513604e-05
1244,taxa84756,0,0,0.0,0.0,0
1245,taxa85072,0,4,0.0,0.003902439024390244,0
1246,taxa85078,0,5,0.0,0.004878048780487805,0
1247,taxa85108,1,21,0.00234192037470726,0.02048780487804878,0
1248,taxa85265,0,1,0.0,0.000975609756097561,0
1249,taxa861914,0,1,0.0,0.000975609756097561,0
1250,taxa86671,0,1,0.0,0.000975609756097561,0
1251,taxa869,0,0,0.0,0.0,0
1252,taxa875170,0,5,0.0,0.004878048780487805,0
1253,taxa88,0,0,0.0,0.0,0
1254,taxa88138,1,8,0.00234192037470726,0.007804878048780488,0
1255,taxa886360,0,11,0.0,0.010731707317073172,0
1256,taxa89342,0,5,0.0,0.004878048780487805,0
1257,taxa89523,0,37,0.0,0.03609756097560975,0
1258,taxa89583,0,4,0.0,0.003902439024390244,0
1259,taxa898,1,23,0.00234192037470726,0.0224390243902439,0
1260,taxa89958,1,2,0.00234192037470726,0.001951219512195122,0
1261,taxa90243,2,12,0.00468384074941452,0.011707317073170732,9.5939519297046e-06
1262,taxa91914,0,2,0.0,0.001951219512195122,0
1263,taxa933,0,0,0.0,0.0,0
1264,taxa935200,1,3,0.00234192037470726,0.002926829268292683,0
1265,taxa94008,0,32,0.0,0.03121951219512195,0
1266,taxa940550,0,7,0.0,0.006829268292682927,0
1267,taxa943,0,9,0.0,0.00878048780487805,0
1268,taxa953,0,9,0.0,0.00878048780487805,0
1269,taxa96,0,3,0.0,0.002926829268292683,0
1270,taxa97050,0,1,0.0,0.000975609756097561,0
1271,taxa973,0,0,0.0,0.0,0
1272,taxa991903,0,10,0.0,0.00975609756097561,0
1273,taxa998014,0,12,0.0,0.011707317073170732,0
1274,taxa99906,3,5,0.00702576112412178,0.004878048780487805,8.18398698533922e-06
1275,taxa102231,0,3,0.0,0.002926829268292683,0
1276,taxa1055323,0,1,0.0,0.000975609756097561,0
1277,taxa1064,0,1,0.0,0.000975609756097561,0
1278,taxa109169,0,4,0.0,0.003902439024390244,0
1279,taxa1121254,0,2,0.0,0.001951219512195122,0
1280,taxa115780,0,2,0.0,0.001951219512195122,0
1281,taxa118004,0,2,0.0,0.001951219512195122,0
1282,taxa119979,0,2,0.0,0.001951219512195122,0
1283,taxa1217415,0,1,0.0,0.000975609756097561,0
1284,taxa1237,0,1,0.0,0.000975609756097561,0
1285,taxa129001,0,36,0.0,0.0351219512195122,0
1286,taxa1294511,0,1,0.0,0.000975609756097561,0
1287,taxa1295378,0,1,0.0,0.000975609756097561,0
1288,taxa130795,0,1,0.0,0.000975609756097561,0
1289,taxa1370,0,16,0.0,0.015609756097560976,0
1290,taxa137583,0,3,0.0,0.002926829268292683,0
1291,taxa1434000,0,24,0.0,0.023414634146341463,0
1292,taxa1434006,0,2,0.0,0.001951219512195122,0
1293,taxa144193,0,1,0.0,0.000975609756097561,0
1294,taxa1495038,0,1,0.0,0.000975609756097561,0
1295,taxa149698,1,33,0.00234192037470726,0.03219512195121951,0
1296,taxa150059,0,2,0.0,0.001951219512195122,0
1297,taxa150203,0,3,0.0,0.002926829268292683,0
1298,taxa151038,0,6,0.0,0.005853658536585366,0
1299,taxa152161,0,1,0.0,0.000975609756097561,0
1300,taxa154116,0,4,0.0,0.003902439024390244,0
1301,taxa155862,0,1,0.0,0.000975609756097561,0
1302,taxa155977,0,1,0.0,0.000975609756097561,0
1303,taxa157920,0,2,0.0,0.001951219512195122,0
1304,taxa1579506,1,11,0.00234192037470726,0.010731707317073172,0
1305,taxa160700,0,2,0.0,0.001951219512195122,0
1306,taxa165301,0,1,0.0,0.000975609756097561,0
1307,taxa1658781,0,2,0.0,0.001951219512195122,0
1308,taxa168934,0,5,0.0,0.004878048780487805,0
1309,taxa171412,0,1,0.0,0.000975609756097561,0
1310,taxa1742990,2,2,0.00468384074941452,0.001951219512195122,6.032531018144791e-05
1311,taxa1827195,0,11,0.0,0.010731707317073172,0
1312,taxa1857532,0,2,0.0,0.001951219512195122,0
1313,taxa187,5,4,0.0117096018735363,0.003902439024390244,5.944253716576973e-06
1314,taxa196078,0,6,0.0,0.005853658536585366,0
1315,taxa196079,0,2,0.0,0.001951219512195122,0
1316,taxa198705,0,1,0.0,0.000975609756097561,0
1317,taxa200903,0,4,0.0,0.003902439024390244,0
1318,taxa204286,0,23,0.0,0.0224390243902439,0
1319,taxa204472,0,6,0.0,0.005853658536585366,0
1320,taxa2192,0,1,0.0,0.000975609756097561,0
1321,taxa221282,0,1,0.0,0.000975609756097561,0
1322,taxa2279,0,2,0.0,0.001951219512195122,0
1323,taxa231052,0,23,0.0,0.0224390243902439,0
1324,taxa231683,0,12,0.0,0.011707317073170732,0
1325,taxa2351,0,3,0.0,0.002926829268292683,0
1326,taxa246861,0,2,0.0,0.001951219512195122,0
1327,taxa253106,0,1,0.0,0.000975609756097561,0
1328,taxa263066,0,1,0.0,0.000975609756097561,0
1329,taxa2713,0,2,0.0,0.001951219512195122,0
1330,taxa28073,0,5,0.0,0.004878048780487805,0
1331,taxa28209,0,1,0.0,0.000975609756097561,0
1332,taxa283735,0,1,0.0,0.000975609756097561,0
1333,taxa292637,0,2,0.0,0.001951219512195122,0
1334,taxa299568,0,1,0.0,0.000975609756097561,0
1335,taxa300264,0,1,0.0,0.000975609756097561,0
1336,taxa311207,0,1,0.0,0.000975609756097561,0
1337,taxa332652,0,1,0.0,0.000975609756097561,0
1338,taxa334767,0,1,0.0,0.000975609756097561,0
1339,taxa336276,0,1,0.0,0.000975609756097561,0
1340,taxa336803,0,3,0.0,0.002926829268292683,0
1341,taxa33976,1,3,0.00234192037470726,0.002926829268292683,0
1342,taxa34093,0,44,0.0,0.042926829268292686,0
1343,taxa34096,0,14,0.0,0.013658536585365854,0
1344,taxa342943,0,14,0.0,0.013658536585365854,0
1345,taxa362865,0,3,0.0,0.002926829268292683,0
1346,taxa370735,0,1,0.0,0.000975609756097561,0
1347,taxa379072,0,2,0.0,0.001951219512195122,0
1348,taxa387095,0,4,0.0,0.003902439024390244,0
1349,taxa397275,0,2,0.0,0.001951219512195122,0
1350,taxa406099,0,8,0.0,0.007804878048780488,0
1351,taxa413435,0,6,0.0,0.005853658536585366,0
1352,taxa413963,0,1,0.0,0.000975609756097561,0
1353,taxa418700,0,6,0.0,0.005853658536585366,0
1354,taxa42,0,1,0.0,0.000975609756097561,0
1355,taxa428711,0,5,0.0,0.004878048780487805,0
1356,taxa43994,0,9,0.0,0.00878048780487805,0
1357,taxa44474,0,1,0.0,0.000975609756097561,0
1358,taxa454159,0,2,0.0,0.001951219512195122,0
1359,taxa457933,0,1,0.0,0.000975609756097561,0
1360,taxa46200,0,2,0.0,0.001951219512195122,0
1361,taxa46238,0,3,0.0,0.002926829268292683,0
1362,taxa46468,0,27,0.0,0.026341463414634145,0
1363,taxa471798,1,11,0.00234192037470726,0.010731707317073172,0
1364,taxa482136,0,1,0.0,0.000975609756097561,0
1365,taxa482144,0,14,0.0,0.013658536585365854,0
1366,taxa484508,0,1,0.0,0.000975609756097561,0
1367,taxa49277,0,8,0.0,0.007804878048780488,0
1368,taxa499058,0,6,0.0,0.005853658536585366,0
1369,taxa510690,0,11,0.0,0.010731707317073172,0
1370,taxa515417,0,1,0.0,0.000975609756097561,0
1371,taxa52003,0,1,0.0,0.000975609756097561,0
1372,taxa53365,0,4,0.0,0.003902439024390244,0
1373,taxa53387,0,8,0.0,0.007804878048780488,0
1374,taxa53392,0,1,0.0,0.000975609756097561,0
1375,taxa53456,0,1,0.0,0.000975609756097561,0
1376,taxa54302,0,1,0.0,0.000975609756097561,0
1377,taxa543732,0,2,0.0,0.001951219512195122,0
1378,taxa552511,0,28,0.0,0.027317073170731707,0
1379,taxa56688,0,3,0.0,0.002926829268292683,0
1380,taxa570266,0,1,0.0,0.000975609756097561,0
1381,taxa574892,0,2,0.0,0.001951219512195122,0
1382,taxa576341,0,11,0.0,0.010731707317073172,0
1383,taxa580880,0,3,0.0,0.002926829268292683,0
1384,taxa585890,0,2,0.0,0.001951219512195122,0
1385,taxa623276,0,3,0.0,0.002926829268292683,0
1386,taxa643217,0,3,0.0,0.002926829268292683,0
1387,taxa644355,0,8,0.0,0.007804878048780488,0
1388,taxa65047,0,2,0.0,0.001951219512195122,0
1389,taxa656899,0,1,0.0,0.000975609756097561,0
1390,taxa659427,0,1,0.0,0.000975609756097561,0
1391,taxa66862,0,1,0.0,0.000975609756097561,0
1392,taxa669368,0,12,0.0,0.011707317073170732,0
1393,taxa670516,0,5,0.0,0.004878048780487805,0
1394,taxa69959,0,1,0.0,0.000975609756097561,0
1395,taxa73778,0,2,0.0,0.001951219512195122,0
1396,taxa741759,0,7,0.0,0.006829268292682927,0
1397,taxa745153,0,6,0.0,0.005853658536585366,0
1398,taxa75654,0,4,0.0,0.003902439024390244,0
1399,taxa77583,0,1,0.0,0.000975609756097561,0
1400,taxa77674,0,1,0.0,0.000975609756097561,0
1401,taxa81463,0,4,0.0,0.003902439024390244,0
1402,taxa82202,0,4,0.0,0.003902439024390244,0
1403,taxa82984,3,5,0.00702576112412178,0.004878048780487805,3.3568323646887733e-05
1404,taxa83614,0,2,0.0,0.001951219512195122,0
1405,taxa85043,0,1,0.0,0.000975609756097561,0
1406,taxa863253,0,2,0.0,0.001951219512195122,0
1407,taxa926359,0,1,0.0,0.000975609756097561,0
1408,taxa93682,0,3,0.0,0.002926829268292683,0
1409,taxa99479,0,1,0.0,0.000975609756097561,0
1410,taxa101191,0,0,0.0,0.0,0
1411,taxa1051898,0,0,0.0,0.0,0
1412,taxa106591,0,0,0.0,0.0,0
1413,taxa1069494,0,0,0.0,0.0,0
1414,taxa1121251,0,0,0.0,0.0,0
1415,taxa117156,0,0,0.0,0.0,0
1416,taxa1221880,6,0,0.01405152224824356,0.0,8.082645603111446e-06
1417,taxa1433999,0,0,0.0,0.0,0
1418,taxa1572663,0,0,0.0,0.0,0
1419,taxa158876,0,0,0.0,0.0,0
1420,taxa1849,0,0,0.0,0.0,0
1421,taxa225842,0,0,0.0,0.0,0
1422,taxa227864,0,0,0.0,0.0,0
1423,taxa231454,0,0,0.0,0.0,0
1424,taxa232523,0,0,0.0,0.0,0
1425,taxa292486,0,0,0.0,0.0,0
1426,taxa312063,0,0,0.0,0.0,0
1427,taxa321315,0,0,0.0,0.0,0
1428,taxa33001,3,0,0.00702576112412178,0.0,7.62846859770714e-06
1429,taxa375673,0,0,0.0,0.0,0
1430,taxa388463,0,0,0.0,0.0,0
1431,taxa402649,0,0,0.0,0.0,0
1432,taxa42734,0,0,0.0,0.0,0
1433,taxa427753,0,0,0.0,0.0,0
1434,taxa461,0,0,0.0,0.0,0
1435,taxa465,0,0,0.0,0.0,0
1436,taxa561367,0,0,0.0,0.0,0
1437,taxa633413,0,0,0.0,0.0,0
1438,taxa78328,0,0,0.0,0.0,0
1439,taxa79598,2,0,0.00468384074941452,0.0,7.1062049437606395e-06
1440,taxa85077,0,0,0.0,0.0,0
1441,taxa1522429,1,0,0.00234192037470726,0.0,0
1442,taxa214904,1,0,0.00234192037470726,0.0,0
1443,taxa52607,1,0,0.00234192037470726,0.0,0
1444,taxa72173,1,0,0.00234192037470726,0.0,0
1445,taxa700450,0,0,0.0,0.0,0
1446,taxa1004300,0,0,0.0,0.0,0
1447,taxa1008195,0,0,0.0,0.0,0
1448,taxa105591,0,0,0.0,0.0,0
1449,taxa1075397,0,0,0.0,0.0,0
1450,taxa1100891,0,0,0.0,0.0,0
1451,taxa1114981,0,0,0.0,0.0,0
1452,taxa1121253,0,0,0.0,0.0,0
1453,taxa1123,0,0,0.0,0.0,0
1454,taxa1123949,0,0,0.0,0.0,0
1455,taxa1137960,0,0,0.0,0.0,0
1456,taxa116071,0,0,0.0,0.0,0
1457,taxa124224,0,0,0.0,0.0,0
1458,taxa127,0,0,0.0,0.0,0
1459,taxa13159,0,0,0.0,0.0,0
1460,taxa1377992,0,0,0.0,0.0,0
1461,taxa1406885,0,0,0.0,0.0,0
1462,taxa1425377,0,0,0.0,0.0,0
1463,taxa143222,0,0,0.0,0.0,0
1464,taxa1433986,0,0,0.0,0.0,0
1465,taxa146825,0,0,0.0,0.0,0
1466,taxa151754,0,0,0.0,0.0,0
1467,taxa153497,0,0,0.0,0.0,0
1468,taxa154346,0,0,0.0,0.0,0
1469,taxa160794,0,0,0.0,0.0,0
1470,taxa164450,0,0,0.0,0.0,0
1471,taxa1649267,0,0,0.0,0.0,0
1472,taxa1649470,0,0,0.0,0.0,0
1473,taxa165798,0,0,0.0,0.0,0
1474,taxa166953,0,0,0.0,0.0,0
1475,taxa168657,0,0,0.0,0.0,0
1476,taxa1747777,0,0,0.0,0.0,0
1477,taxa186191,0,0,0.0,0.0,0
1478,taxa1862,0,0,0.0,0.0,0
1479,taxa190323,0,0,0.0,0.0,0
1480,taxa196013,0,0,0.0,0.0,0
1481,taxa196119,0,0,0.0,0.0,0
1482,taxa196136,0,0,0.0,0.0,0
1483,taxa2005,0,0,0.0,0.0,0
1484,taxa2029,0,0,0.0,0.0,0
1485,taxa2179,0,0,0.0,0.0,0
1486,taxa219181,0,0,0.0,0.0,0
1487,taxa2195,0,0,0.0,0.0,0
1488,taxa2220,0,0,0.0,0.0,0
1489,taxa2222,0,0,0.0,0.0,0
1490,taxa2233,0,0,0.0,0.0,0
1491,taxa2239,0,0,0.0,0.0,0
1492,taxa2249,0,0,0.0,0.0,0
1493,taxa2270,0,0,0.0,0.0,0
1494,taxa2276,0,0,0.0,0.0,0
1495,taxa228398,0,0,0.0,0.0,0
1496,taxa2284,0,0,0.0,0.0,0
1497,taxa2302,0,0,0.0,0.0,0
1498,taxa242605,0,0,0.0,0.0,0
1499,taxa246263,0,0,0.0,0.0,0
1500,taxa264147,0,0,0.0,0.0,0
1501,taxa286104,0,0,0.0,0.0,0
1502,taxa286800,0,0,0.0,0.0,0
1503,taxa29287,0,0,0.0,0.0,0
1504,taxa293431,0,0,0.0,0.0,0
1505,taxa331654,0,0,0.0,0.0,0
1506,taxa332951,0,0,0.0,0.0,0
1507,taxa334857,0,0,0.0,0.0,0
1508,taxa348581,0,0,0.0,0.0,0
1509,taxa353799,0,0,0.0,0.0,0
1510,taxa365532,0,0,0.0,0.0,0
1511,taxa367188,0,0,0.0,0.0,0
1512,taxa367298,0,0,0.0,0.0,0
1513,taxa36862,0,0,0.0,0.0,0
1514,taxa379546,0,0,0.0,0.0,0
1515,taxa395331,0,0,0.0,0.0,0
1516,taxa41980,0,0,0.0,0.0,0
1517,taxa429014,0,0,0.0,0.0,0
1518,taxa43927,0,0,0.0,0.0,0
1519,taxa449810,0,0,0.0,0.0,0
1520,taxa46631,0,0,0.0,0.0,0
1521,taxa47,0,0,0.0,0.0,0
1522,taxa482135,0,0,0.0,0.0,0
1523,taxa49279,0,0,0.0,0.0,0
1524,taxa498845,0,0,0.0,0.0,0
1525,taxa54066,0,0,0.0,0.0,0
1526,taxa54247,0,0,0.0,0.0,0
1527,taxa54258,0,0,0.0,0.0,0
1528,taxa57488,0,0,0.0,0.0,0
1529,taxa58122,0,0,0.0,0.0,0
1530,taxa600332,0,0,0.0,0.0,0
1531,taxa60846,0,0,0.0,0.0,0
1532,taxa613121,0,0,0.0,0.0,0
1533,taxa63743,0,0,0.0,0.0,0
1534,taxa63958,0,0,0.0,0.0,0
1535,taxa64322,0,0,0.0,0.0,0
1536,taxa660063,0,0,0.0,0.0,0
1537,taxa665874,0,0,0.0,0.0,0
1538,taxa81416,0,0,0.0,0.0,0
1539,taxa83764,0,0,0.0,0.0,0
1540,taxa83867,0,0,0.0,0.0,0
1541,taxa84593,0,0,0.0,0.0,0
1542,taxa869896,0,0,0.0,0.0,0
1543,taxa871740,0,0,0.0,0.0,0
1544,taxa908935,0,0,0.0,0.0,0
1545,taxa939,0,0,0.0,0.0,0
1546,taxa1344552,0,0,0.0,0.0,0
1547,taxa152180,0,0,0.0,0.0,0
1548,taxa69578,0,0,0.0,0.0,0
1549,taxa110934,0,0,0.0,0.0,0
1550,taxa1649514,0,0,0.0,0.0,0
1551,taxa183669,0,0,0.0,0.0,0
1552,taxa221065,0,0,0.0,0.0,0
1553,taxa283785,0,0,0.0,0.0,0
1554,taxa651553,0,0,0.0,0.0,0
1555,taxa911,0,0,0.0,0.0,0
1556,taxa937253,0,0,0.0,0.0,0
1557,taxa1395977,0,0,0.0,0.0,0
1558,taxa34000,0,0,0.0,0.0,0
1559,taxa1273095,0,0,0.0,0.0,0
1560,taxa1433995,0,0,0.0,0.0,0
1561,taxa169133,0,0,0.0,0.0,0
1562,taxa437506,0,0,0.0,0.0,0
1563,taxa1742992,0,0,0.0,0.0,0
1564,taxa248038,0,0,0.0,0.0,0
1565,taxa390250,0,0,0.0,0.0,0
1566,taxa85273,0,0,0.0,0.0,0
1567,taxa1198,0,0,0.0,0.0,0
1568,taxa171163,0,0,0.0,0.0,0
1569,taxa1769735,0,0,0.0,0.0,0
1570,taxa2202,0,0,0.0,0.0,0
1571,taxa46613,0,0,0.0,0.0,0
