taxa326977,taxa469873,taxa357591,taxa190872,taxa263681,taxa361480,taxa347862,taxa517293,taxa2000,taxa322235,taxa158660,taxa331820,taxa244304,taxa361496,taxa127309,taxa248140,taxa348374,taxa470812,taxa268540,taxa291090,taxa541301,taxa171772,taxa259569,taxa104780,taxa138006,taxa181095,taxa278234,taxa177339,taxa510994,taxa193066,taxa405524,taxa346780,taxa549871,taxa544358,taxa302160,taxa192573,taxa175497,taxa263461,taxa302974,taxa194648,taxa195173,taxa287978,taxa199487,taxa190108,taxa191306,taxa299892,taxa174348,taxa192127,taxa183200,taxa182980,taxa181843,taxa194053,taxa109014,taxa518438,taxa193343,taxa357795,taxa352304,taxa179460,taxa469991,taxa175537,taxa288134,taxa190464,taxa178915,taxa366612,taxa261912,taxa185281,taxa511008,taxa470973,taxa162162,taxa181028,taxa204044,taxa470172,taxa328422,taxa21698,taxa213747,taxa262724,taxa82283,taxa316732,taxa293896,taxa196731,taxa167602,taxa470114,taxa170206,taxa365676,taxa223059,taxa187524,taxa191541,taxa212619,taxa357470,taxa326792,taxa325407,taxa188646,taxa171551,taxa290260,taxa367433,taxa310301,taxa193761,taxa327476,taxa189047,taxa180658,taxa269833,taxa367055,taxa203708,taxa181892,taxa589024,condition
16892494.722969476,1691940.4312333069,6514643.399982323,662228.1757436516,25585973.936731894,7840781.600804847,2119971.0870473003,5923052.896317987,1259705.1520812577,20314217.195478585,43543920.21356447,109078020.48515643,26788075.749081768,12930057.689186553,6089976.442838765,5071196.208028057,9962434.537187347,749684.3411751922,2082970.4016724164,11283106.727670427,1243307.1210628408,1322774.5021520832,13525011.891521303,889277.8359986157,2169165.180102539,1079326.8108787022,719411.0531412008,1612052.5878102628,0.0,1798737.864019903,1410230.6675836241,716467.8168045626,2853677.859537883,873300.2673140068,1789487.6926761805,21450726.883754827,1085213.2835519784,0.0,729922.6114863352,2409669.6350392816,1860545.8270893104,4739451.426655519,3554168.1076578377,1019621.159478323,0.0,1069656.1772011777,730763.5361539451,1850875.1934117794,1710440.773920746,654659.8537351554,1161737.4283045763,2579956.880230504,1169726.212646881,4066291.230232924,1638121.2525062044,6041202.812117327,1707077.075250306,1226488.6277106218,808549.0679079613,1382480.1535524623,2431533.6763971667,2546740.355859875,680728.5184310969,1095304.3795633109,1553608.3234112954,722774.7518116407,738752.3204962496,3520110.6586195915,1107077.3249098635,654239.3914013471,646250.6070590427,3767762.9732310288,1565801.7310916563,0.0,713104.1181341163,963279.2067483837,936790.0797186404,12078621.463230405,1891660.0397909118,8811629.129561752,712263.1934665063,1003223.1284599059,988506.9467767152,3213173.154941583,5460544.329131939,4392149.538932187,3587384.6320284666,2098947.970357025,4769724.714689516,1547721.8507380192,13112117.879724283,798878.4342304369,25704123.85253123,8055637.853379424,4580937.126810849,1118429.8079226145,7491797.863746287,3992289.859483157,37334112.00559118,18205178.12911026,2640082.9939646916,1107497.7872436717,1581358.8374424633,702592.5597889819,2386123.7443461763,Control
21538407.563323416,2205261.5176821435,8598399.475193389,885285.2727233632,32671797.561967768,10103914.549764814,2808527.7693942273,7596489.79528488,1550044.3936785045,26124927.43134891,55573650.467473485,138762900.33449808,34355429.91296734,16765288.643801805,7739619.749557514,6588218.784075401,12870033.443818973,930874.8137139075,2686602.25279161,14473088.93167252,1581851.0501835393,1617898.5942225722,17343109.570309836,1107931.8682585717,2793684.6630252115,1419637.102007882,947838.3638499181,2056830.4539919957,0.0,2230706.842886167,1811919.1989032556,955259.9170344259,3588851.075650984,1165183.8499676306,2279477.049527213,27626201.61838631,1439781.317794402,0.0,906489.7103933807,3146738.5502310595,2403523.0098968334,6062348.729858888,4505943.004879373,1351782.9014638145,0.0,1335879.573211293,942537.2544324138,2390800.347294821,2173454.8611771087,835454.8441988121,1446142.649095404,3303651.3889892036,1523538.8465909828,5214171.2230580645,2083336.0010795263,7719475.533770995,2206321.73956564,1520358.1809404737,963741.6921024395,1809798.7551362605,3049198.1369489604,3212472.307008115,869381.9444708419,1402673.5518718632,1917941.3872533597,971163.245286939,913911.2635778885,4604543.6400449695,1391011.1111533486,831213.9566648054,0.0,4922610.205095282,1985795.5877974275,0.0,852418.3943348313,1255302.7100652214,1284988.9228032446,15856678.489641435,2448052.32900388,11238351.965110932,946778.1419664205,1316795.579308279,1288169.5884537539,4179394.6647610553,6997464.431106795,5782450.152614613,4656494.512336524,2647374.043102068,6157768.699373975,1938085.6030398796,16860708.61331683,1036897.0020640033,33099066.981018633,10430462.889883123,5960567.429042791,1449323.3147459049,9566382.054829752,5129353.472377977,47872198.70572198,23378952.7530812,3341819.3767952486,1406914.43940587,2073794.004128015,869381.9444708419,2873201.3042877936,Control
17406190.320240706,1760507.901972336,6791020.352680208,708455.2640192531,26655200.669285804,8153065.03258556,2250871.4196623266,6104511.427914198,1349699.8640753988,21080144.675856464,45059263.60244811,112304218.72063573,27636613.52776748,13300167.410576325,6204641.6007571835,5332274.615440162,10282545.7632533,742060.5960008068,2165143.5319542894,11803015.579643078,1311293.770382197,1346270.7485670801,14124526.778776856,951922.465110089,2165143.5319542894,1113090.894001207,777037.5741856828,1666550.1370443187,0.0,1842806.674172054,1423768.7590551504,747547.1808141157,3006648.477696422,958780.6961267334,1826346.9197321075,22364691.34527377,1152868.6338977374,0.0,781152.5127956695,2410668.2023501154,1899729.991610192,5000336.234234624,3646521.431549239,1128864.8253394854,0.0,1119263.3019161834,763321.112152401,1931963.6773884166,1720044.3389741378,0.0,1148067.8721860896,2674024.273389217,1226251.7057758213,4224670.306252271,1672036.7218576344,6197097.546638879,1776281.8333106146,1237224.875402452,756462.8811357566,1457374.0910366976,2549204.4688863102,2552633.584394636,686508.9247659914,1207048.6589292174,1517726.5239831607,768807.6969657162,730401.6032725081,3631433.3233126216,1062339.984478046,675535.7551393673,0.0,3907134.210181682,1656262.7905193558,0.0,723543.3722558705,1006788.313243237,1014332.3673615423,12800202.369463032,1914818.0998468092,9169454.869252065,742746.4191024681,1048623.5224447574,1095259.4933579317,3259031.3791088928,5592887.394072605,4557980.33366113,3691785.7562590847,2139768.0771927093,4998964.588031295,1507439.1774581976,13632791.614883525,852478.1153687635,26810196.69026196,8374585.894423101,4752754.094533802,1180987.3810659756,7883536.553631476,4122482.66410428,38520626.15118036,18802526.155229244,2711744.5439807572,1160412.6880160426,1693297.2380092281,711198.5564259109,2404495.794435139,Control
20083504.784949407,2191861.5661002323,8018178.105612679,867573.6575442754,30693398.700519897,9466274.094262153,2504591.605447592,6977273.135937479,1490282.445570241,24377352.421970814,52520304.67256409,130567084.16974461,32221282.118562978,15609906.157569932,7290920.27217442,6099611.412607808,12011217.962851372,851983.0104213882,2510094.1867850767,13793137.219308577,1492116.639349405,1552645.0340617977,16420619.807960104,1097764.9768292804,2631150.9762098626,1313282.74588098,856568.4948692987,1948830.8903610867,0.0,2165265.7563023684,1697546.342615702,900589.1455692144,3364828.487875211,1027148.5163314925,2126747.686939937,26069396.183249023,1245417.5760519307,0.0,907008.8237962888,2941129.724888476,2279902.867500072,5763036.854131322,4220479.885854928,1236246.6071561177,779532.3561444363,1287604.0329726902,919848.1802504299,2284488.3519479823,2100151.8771420647,0.0,1381147.9157100217,3095202.002338193,1414163.4037349604,4854193.836555869,1937825.7276861093,7375293.186015932,2045126.0637671645,1488448.2517910765,940941.4087108095,1686541.1799407247,2861342.2954948675,3017248.7667237488,813464.941058957,1400406.9503912374,1862623.782740411,863905.2699859473,894169.4673421476,4195718.26983622,1345381.137016337,796957.1970464875,804293.9721631365,4467178.949152403,1859872.4920716651,0.0,872159.1419921857,1237163.7040457,1150039.4995354349,14753337.662700579,2223042.8603460076,10620899.07824552,895086.5642317297,1244500.4791623487,1295857.9049789286,3775687.894407805,6556325.66361949,5364099.707163288,4246158.598763218,2478912.8925393024,5719016.203431407,1826857.0040467186,15719040.687430134,1016143.3536565078,30891491.628669605,9648776.37528892,5488824.884146402,1374728.2374829473,8960953.708102684,4770738.019603942,44832281.447200805,21927786.62989815,3130051.684142304,1323370.811666375,1901141.8521028426,850148.8166422241,2789808.738107498,Control
15758577.15718835,1582817.6229972625,6082060.90879373,656027.3892763124,23757980.26461995,7401300.107762829,1959550.6685844145,5483059.8565729335,1163876.1074635219,18929600.718495242,40352644.347771674,100875549.0147027,24888628.427657407,12044231.801888146,5567476.796466122,4765515.867480845,9286312.414526666,652435.1790680926,1927220.776710425,10438064.812537447,1180490.0796765431,1246945.9685286223,12560162.993043818,848659.6616921525,1996819.8494947064,1009411.0685100271,669049.151281114,1507381.2086246312,0.0,1657805.0110938703,1267152.1509498693,692398.5176345509,2673502.4474682896,818125.8749222761,1701360.5598685485,20067433.301949155,992348.0700209822,0.0,691500.4650824915,2220883.9612324764,1741323.8984350068,4435032.528324531,3249603.159611691,977530.2029120676,0.0,1017942.5677545557,683867.0183900225,1735037.5305706207,1585062.754377405,0.0,1084398.456606635,2402290.576747622,1106400.7441319888,3785740.5331886346,1490318.2101355798,5649199.578703146,1595839.3850020643,1114034.190824458,706767.3584674298,1312054.7785526249,2221782.01378453,2313383.374094159,628187.7601626021,1061947.1428052573,1384348.0089930661,689704.3599783846,695092.6752907112,3253195.369819911,1035903.618795654,603940.3412571119,0.0,3538327.0550974333,1470112.027714339,0.0,662313.7571406983,908829.1826798457,918707.7607524574,11306930.656650826,1759284.949476111,8289474.081745387,667253.0461770011,958222.0730428799,951037.6526264407,3016109.496077339,4979701.401146003,4116672.898620972,3328631.784192542,1894441.8585604122,4389231.848169723,1406350.2965184199,12245395.573548485,762895.6429708796,24003597.63760704,7461918.655026511,4241053.177080614,1037699.723899767,6939252.069730423,3712549.2501961393,34727243.161697984,16894164.609262146,2396453.2351592653,1032760.4348634641,1488971.131307497,621003.3397461629,2168796.913213276,Control
15835186.90234462,1603910.7919526089,6122318.354918862,639890.0883969592,23907981.32472152,7402768.223066446,2066332.6716366468,5540691.414288058,1184014.3132243056,19082855.121791046,40744356.80074845,102096455.93551187,25094004.712006718,12129784.642689612,5683335.6726120245,4755143.456475776,9382375.864407506,675383.7301395448,1978268.258633819,10504443.72742074,1155217.5850180546,1204439.8995101298,12821575.810993183,845485.33396249,1956838.135317544,1035342.8327176353,663664.1314509506,1517520.6073338676,0.0,1673558.6927305083,1312595.0531219668,699492.618870357,2685462.328070961,852182.2474988304,1692979.7419858815,20197891.22559109,1011233.9439868232,0.0,709203.1434980438,2237103.966813228,1740527.8280938698,4455456.575724718,3358836.984149604,986455.3639023752,0.0,1002527.9563895813,681076.1066454285,1742871.7478315926,1574109.5267159068,0.0,1080881.8447647225,2399504.1200693944,1096619.5915751136,3811548.339205956,1492072.3358957837,5697399.191038329,1608933.4771048566,1111687.6470318693,720922.7421866319,1341056.9356513969,2320815.386017438,2386110.2929967185,644577.9278723921,1047732.1227598534,1418741.1326729024,660315.6746827834,707863.7607907719,3276799.793329481,1008555.1785722857,612767.5885747948,0.0,3550703.5569656454,1444524.2497877951,0.0,680406.4152917926,912119.623649043,886671.3522109591,11440672.239800584,1751912.5811056434,8219791.67449947,688777.5572122136,953640.4875743269,981432.6787501213,3050444.1158013055,5128831.231803355,4125968.429736959,3290193.620402156,1980277.3326947205,4499991.050741354,1461601.379305458,12317633.06738382,752398.2358074144,23935438.670220498,7550770.012219457,4252540.095573719,1060456.2584788923,7005976.096038516,3781747.0739692603,34866140.94422902,17101238.40638905,2488238.224425852,1016926.3204927067,1499773.786462575,647926.3846405654,2196252.7942415737,Control
4881525.39136692,490823.6884616525,1941830.1610567444,0.0,7305593.403769355,2359197.2430819497,606732.4895269403,1705242.6494173068,358697.19506624236,5823105.528415789,12587314.202929595,31354523.16553777,7698156.95634851,3687140.0503484756,1696656.8123013587,1454345.409251291,2904874.890895498,208445.0455371639,597192.670509222,3325103.9186260174,373483.9145437058,380638.778806995,4001000.096031426,253282.19492044492,620565.2271026336,321491.9008971375,212737.96409513892,442170.61147128535,0.0,500840.4984302577,410212.2177619256,214168.93694779603,843320.0011663777,269022.8962996822,496070.5889213977,6275292.949855691,317198.9823391625,0.0,215599.90980045308,702607.6706550193,526598.0097781003,1386135.7032745986,1023145.5896503831,323876.8556515666,0.0,304797.21761612815,215599.90980045308,545677.6478135388,479375.9056403902,0.0,342956.4936870051,742674.9105294403,319583.9370935935,1148594.209733391,451233.4395381185,1725276.2693545176,483668.8241983633,340571.53893257596,219892.8283584281,403057.35349863645,745059.8652838694,731227.1277081762,202244.16317564677,331985.7018166278,422136.9915340749,214168.93694779603,200813.19032298969,998819.0511551994,306705.18141967215,0.0,0.0,1088970.3408726465,456480.3399978637,0.0,218938.8464566561,307659.1633214442,271407.8510541113,3511607.38042244,538045.7925993626,2592445.8180651953,198905.22651944563,311475.0909285323,298596.335254611,937764.2094417979,1528279.0066386156,1275950.7936199429,1055580.9743106295,595284.706705678,1379934.8209130813,441693.6205203983,3886045.2768679145,248512.28541158483,7519762.34071716,2375891.926362965,1336528.6443824593,321968.8918480226,2151229.18849568,1126652.6259926367,10940741.44047127,5289829.645325294,791327.9875198075,316245.0004373905,473652.0142297581,219415.83740754117,667310.3402894586,Control
12739670.723228028,1302340.7431451955,4961899.4230786525,530394.1875322087,19231760.064237762,5949604.100570236,1619932.399509466,4391470.415920169,929936.3136013038,15356980.642554918,32546158.835657965,81686347.3713166,20120855.48801898,9724699.508284286,4519366.886672614,3818085.818051002,7463672.614624956,521796.1054648182,1561626.6554899681,8464811.795346858,941758.676443967,993615.8589129196,10227149.929097496,671456.4714503493,1591988.6327904444,834820.0307307843,555113.6734759578,1215016.472148248,0.0,1323835.9483136719,1041174.0003481819,551083.322506867,2162686.3300135466,660977.5589307179,1368169.8089736612,16127583.747844834,830252.2996324846,0.0,572041.1475461344,1804791.1639583826,1391277.154529774,3597222.5849448876,2653851.7681132844,790217.4800061951,0.0,812250.0653038854,550008.5622484443,1379186.1016225063,1278427.3273952648,487135.0871306467,890438.8741042232,1947734.2783287633,888826.733716587,3065216.257025043,1207224.4602746759,4486586.698790688,1295623.4915300456,936922.255281058,586550.4110348566,1093031.1828171343,1882711.2826941158,1878412.2416604208,0.0,836163.4810538162,1152411.6870950551,544903.4510209309,570697.6972231074,2657344.7389531615,814399.5858207304,0.0,0.0,2860474.427795281,1177937.2432326272,0.0,539529.649728813,741315.8882479059,707729.6301721571,9238639.181412105,1406592.4882123142,6651691.2393857045,534693.228565904,787530.5793601314,788874.0296831633,2386773.8438949394,4085432.4323339574,3313754.566785575,2658956.8793407977,1557327.614456273,3559874.665964657,1161009.7691624505,9909558.272733225,617449.7684645465,19391899.34274292,6086098.653390086,3497807.261040673,837775.6214414526,5606755.578133041,2991326.489258395,28144209.50721818,13701849.844582068,1969766.8636264538,834820.0307307843,1211523.501308371,522602.1756586364,1741648.9987759753,Control
13906058.397398792,1458492.9283454325,5535316.500258358,0.0,20928653.870641015,6675963.519054841,1759546.9785219966,4828858.988091045,1087872.603626073,16815847.742930096,36058119.165171646,89850840.66464916,21891786.94750069,10761183.020653976,5019566.533820425,4211158.446892121,8267591.903852853,590113.9150871342,1749951.6303092001,9325479.044313928,1051890.0478280794,1008710.980870487,11279331.824145116,761630.7643909106,1823116.1604317918,869578.4317849024,582917.4039275356,1381730.142643044,0.0,1519663.2732020244,1116658.6482644733,597310.426246733,2340065.5453963345,720850.5344865159,1481281.880350833,17804168.608848367,892367.3837902976,0.0,650084.8414171274,1919069.6425597784,1571238.26984582,3836939.8665929637,2882202.71941947,897165.0578966985,0.0,885170.8726306987,677671.4675289234,1507669.08793603,1424909.2096006365,0.0,981124.3547586856,2138563.232927554,930748.7766414944,3435134.6601820067,1301369.1013608538,4861243.288309242,1436903.394866636,1050690.6293014805,705258.0936407195,1211412.7118658614,2039011.495219765,2043809.169326166,0.0,945141.7989606919,1270184.2196692554,586515.6595073323,622498.2153053314,3004543.409132654,892367.3837902976,0.0,558929.0333955361,3153271.30643104,1313363.286626848,0.0,640489.4932043256,824000.5277741068,807208.6684017061,10113497.016290035,1553246.9919468202,7382421.031222159,608105.1929861285,887569.7096838966,892367.3837902976,2618330.6435674983,4404264.8296746975,3615047.439171986,2859413.767414075,1735558.6079900027,3926896.256087951,1282178.4049352552,10692816.164637795,717252.2789067192,21331658.495578587,6636382.707677066,3804555.566374767,913956.9172690937,6266961.801484274,3354773.618899816,31395979.35227799,15040708.323562281,2204531.251890546,966731.3324394881,1325357.4718928477,580518.5668743324,1993433.5912089748,Control
15418463.534121,1576143.4794148367,6053061.660305916,605153.7343594675,23529352.754591357,7440189.867527864,2022768.2758060824,5518026.494663171,1161529.3339594824,18799397.99963558,40211474.84232441,100754285.97907335,25044523.565556858,12014664.31793785,5566804.629422623,4615631.001613281,9226689.053092895,688991.1534772775,1856617.7542816983,10470531.489458928,1199637.2517403064,1195064.3016066102,12401840.762591057,766731.3057501613,1975514.457757866,1095983.7153764693,687466.8367660474,1451149.5090937426,0.0,1652359.3149764845,1312436.688371542,702710.0038783781,2720905.3295507645,774352.8893063237,1650834.9982652543,20131650.805253174,908492.7598948223,0.0,646310.2855627575,2201113.331020337,1716380.6168482674,4487588.397869715,3268135.0288833813,1018243.5631035916,0.0,952697.9445205723,716428.854279473,1688942.916046078,1615775.7139068965,0.0,1022816.5132372878,2362690.9024110246,1129518.6830235908,3728478.6756757214,1528889.6613666206,5463151.093058785,1571570.5292811403,1124945.7328898946,713380.2208570066,1300242.154681683,2294096.6504055453,2321534.351207735,609726.6844931697,1080740.5482641386,1413041.5913129188,682893.8866323453,692039.7868997436,3315388.8469316037,990805.8623013962,615823.951338102,0.0,3524220.236370513,1513646.4942542897,0.0,685942.5200548115,868860.5254027622,897822.5429161877,11327197.481171815,1670651.1155112812,8287709.958973357,684418.2033435813,903919.80976112,963368.1614992069,2926688.0855672085,4938786.144394662,4219308.656692723,3226978.4776800913,1951125.390378137,4371740.327816013,1356641.872997298,12229592.974221721,768255.6224613913,23706173.49309436,7549940.670736633,4304670.392521763,1009097.6628361931,6902106.068462652,3707138.2417184645,34438887.45688536,17037287.881450363,2445004.0048176046,1006049.029413727,1463344.0427836012,711855.9041457766,2156908.146394581,Control
20716326.560088493,2079125.9525892448,7932868.133318301,821624.1391323487,31252323.709681578,9733897.797325196,2584659.623294957,7135518.053530911,1539291.9806352365,24915211.12982267,53005574.761353284,132593355.29319635,32851773.1417369,15732228.940239403,7253722.16860197,6177748.103289923,12191910.154472595,878087.7119564725,2545082.352623842,13743339.164780322,1498131.619137277,1587312.4023828523,16437759.752069838,1096026.5491187463,2618959.924543253,1294968.2963588885,893390.9232826366,2005776.0776121125,0.0,2180443.7655073036,1720819.7287800836,912388.0132047761,3491242.9701346345,1081251.0347348608,2179388.371622738,26245535.12131438,1349321.0814138812,0.0,906055.6498973911,2929773.4235470775,2306035.637770306,5800444.789558629,4359832.137130042,1256446.4195723308,0.0,1282303.5697441262,894974.014109481,2303924.8500011824,2125563.283510024,800516.2614410861,1440612.6524285874,3173041.7139388677,1430058.7135829565,5018397.921097396,1969364.988594686,7351873.79986634,2104983.1027610404,1511851.7396365968,934551.2847805963,1735595.243163969,3013677.237369841,3071723.9010208095,0.0,1398924.593988349,1858020.9337732824,866478.3792262756,917137.285685309,4301785.473479065,1345099.505875635,813180.9880558484,0.0,4646371.576788915,1859604.0246001268,0.0,877032.3180719069,1219507.633612625,1164099.4546730667,14835144.138360782,2328726.6062884126,10663699.809625229,877560.0150141936,1216869.1489012155,1248003.2684958305,3909706.645363887,6604127.232653405,5344514.631427384,4257986.627269705,2545610.049566121,5790946.2445975635,1875434.9328685696,15962832.504016392,1012122.7352959828,31672898.17267996,9813580.035609676,5651106.554892954,1394175.3215078162,9095912.194106795,4903887.684622296,45483782.54607232,22356408.656699486,3199426.561052942,1349321.0814138812,1956172.5650376447,847481.2893041441,2842175.7311283466,Control
17412131.429601148,1793453.5326898126,6784258.643291124,675728.9417235617,26393383.136190046,8249586.592305858,2236448.0421567764,6071571.873269296,1314500.0551488707,21005031.656326402,44873296.145543605,112493136.7484408,27679915.10505919,13295329.015242416,6324782.94012358,5299952.350015118,10285763.15949502,716682.2109189288,2191998.762176436,11668185.709894776,1291026.8398783512,1377428.2492783347,14110898.388364794,936930.8903720684,2158536.94466315,1104239.9779385042,762629.7812356859,1667097.7143187374,0.0,1867868.6193984651,1446849.0348656042,763129.2113478201,2968113.1564398683,929439.4386899872,1794452.3929140877,22140735.73132962,1072775.8808737756,0.0,756636.6198900207,2436719.517124363,1937289.4049857352,4959840.443648711,3686293.6576952133,1093252.5154714559,0.0,1116725.7307419686,762130.351123545,1966256.3514897788,1773975.7583164072,0.0,1208620.8713754828,2691928.304427205,1219108.90373039,4280116.061028041,1664600.5637580457,6198926.551864645,1796949.5434747858,1261560.4632621733,793594.44818828,1476814.841593923,2583551.970093119,2601531.4541301145,689213.5547513083,1198132.8390205686,1599175.2190678837,763129.2113478201,775115.5340391503,3669313.0338824997,1090755.3649107642,683220.3934056432,0.0,3912036.0683818706,1600673.5094043002,0.0,722675.3722645938,1007350.5361836137,1015341.4179778293,12578646.804323476,1931296.2436400768,9199502.665593551,734162.2648437832,1036816.9127997915,1077270.7518830178,3266772.3634987622,5513708.438010452,4554802.622704288,3652332.410069787,2177015.8588122795,4941860.959611721,1593182.0577222253,13507586.812901301,842538.599177863,26641100.471810814,8333990.281257277,4797525.6572036585,1125715.4727604662,7666751.651440085,4137778.4790685344,38630919.173922874,18860978.184915278,2713903.229361302,1159676.720385893,1619152.4235534298,733662.8347316422,2363303.290639986,Control
3862827.7706248243,400636.60590640316,1526508.8517414953,157832.5578273486,5858665.133943489,1825795.117055614,492358.1678136176,1353786.4299681701,288466.2975133817,4657350.910782123,9956454.957635827,24965338.549420387,6173734.655040353,2991373.666746644,1384261.0181776013,1176597.0490110517,2276957.994618707,162696.58004970092,470519.7006928526,2585475.975579334,293330.319735734,298690.67075628595,3109896.9837566135,207167.6403683516,488288.2716683844,248263.66485924585,167064.2734738551,375621.6344771633,0.0,402919.7183781196,312190.81406730437,165873.08435817724,655154.0136229593,205877.1854930329,403217.51565703907,4924971.398771144,240322.404088058,0.0,170935.63809980822,553902.9387903204,433692.10386647173,1091923.3560382666,822913.1474142928,239429.0122512996,0.0,246278.34966644886,167064.2734738551,424857.4512585255,389717.37234602065,0.0,272285.97869208804,579314.9732581205,262557.9342473834,927042.9292764871,363114.1487625426,1382970.5633022839,394482.1288087336,287870.7029555427,176395.25487999947,334128.54694770876,565417.7669085418,572167.8385640518,156641.36871167072,263352.0603245024,348720.61361476575,167759.13379133338,174906.26848540214,818148.3909515812,246873.9442242878,150685.42313328132,0.0,867781.2707715023,354577.29343351733,0.0,163093.64308826122,211039.00499430473,225730.33742100102,2799195.1560839126,437265.6712135054,2043683.4594650683,164483.36372321923,234763.5215482274,243895.97143509312,724342.248091929,1250748.571462013,1028889.5986669665,814971.8866431064,475482.9886748442,1097879.301616656,347926.4875376481,3039120.4971334105,196546.20408688852,5915941.477255687,1848626.2417727783,1063037.019983072,249355.5882152844,1722260.929751269,923965.690727653,8545392.184355471,4189015.0568013457,595098.2290408554,261168.21361242534,354080.9646353177,162696.58004970092,546458.0068173322,Control
23805594.160370804,2413844.4138889546,9253638.64459774,991729.239275094,35848897.583947346,11130012.191534335,3015429.825883889,8424924.046441488,1753601.013876379,28828354.901788834,61221205.680091865,153587074.71904138,38028110.04576575,18280830.17266225,8507454.471443057,7178782.835880558,13870567.95728899,1043566.5310116172,2972459.4393128203,15748305.643481832,1834085.2299936202,1873645.2684241217,19310755.31111165,1276834.343825976,3089093.3457200043,1538067.011392938,1042202.3917553864,2327903.640746826,0.0,2455450.661203801,1926164.6297887596,1057889.9932019673,4127885.389334832,1276834.343825976,2516836.9277338944,30361647.425785,1491004.2070531952,0.0,1077670.0124172221,3387839.84283313,2688718.4740181603,6694513.399920913,4985928.981499939,1480091.0930034036,925568.4853482116,1516922.8529214612,1055843.7843176303,2557079.0357925105,2343591.242193407,0.0,1633556.7593286359,3533120.6736210235,1630828.480816193,5704830.369530164,2293118.0897131055,8446068.204912964,2417254.762029522,1681983.7029246006,1072895.525020442,2025064.725865026,3501063.401099756,3568588.29428286,0.0,1639013.3163535409,2118508.264916387,1025150.6510525837,1024468.5814244777,4997524.165177846,1514876.6440371242,928296.7638606549,0.0,5304455.497828321,2151247.6070657703,0.0,971267.1504317237,1343677.1673809646,1347087.5155215326,17302060.256321367,2627332.2074880674,12475053.498171512,982180.264481524,1433710.3582917764,1433710.3582917764,4572594.786863967,7707386.797667483,6179550.830696231,4958646.196375451,2921304.2172044124,6813875.584840548,2157386.2337187817,18488861.409236487,1182708.7351464995,36232220.71494639,11348274.472530255,6536273.246198891,1639013.3163535409,10561848.191316927,5582739.9060980845,52886996.89418927,25852485.114335418,3740469.8405671255,1569442.2142861,2293800.1593412207,997867.865928096,3361921.1969648735,Control
20488179.109929476,2089701.771790184,8107214.097639239,829146.8963494677,31186800.999640003,9705939.550172064,2582898.0291903857,7166700.304457494,1535087.2257715142,24889946.457483962,52932205.07779593,132958755.18891226,32652330.163602658,15823349.092448821,7382774.283693595,6118889.501038622,12153791.342339927,880205.4736347152,2519999.78181002,13656689.46504027,1546926.895866641,1582815.8958424975,16576648.102251375,1084439.7827756812,2620266.9879281325,1348612.4217732341,873545.6592062031,2017553.7821479945,0.0,2180719.235646489,1694182.7926748001,891675.1540393655,3502322.4100152142,1105529.1951326316,2191078.946979726,26334756.1987801,1310873.4733450112,0.0,906844.7313487486,2902199.132068387,2293936.0809311583,5798848.418779677,4341089.0383169735,1270174.6073930084,0.0,1310503.4836545426,888715.2365155858,2293566.091240682,2084521.9161235697,0.0,1400410.9784394265,3114943.2040902236,1429640.163986771,4985611.079120535,1919506.5141727165,7397203.881622032,2059732.606861895,1501788.1536289607,937183.8859675219,1741911.4627457834,3060924.7092812047,3079424.193804836,812127.3705877264,1378951.5763919998,1878807.648220714,854676.1849920955,898334.9684678778,4326289.450698067,1353422.28774938,805837.5458496829,0.0,4636710.801004713,1881767.5657444934,0.0,859116.0612777651,1185076.9785842707,1168057.4528225213,14902814.742552588,2323165.266478503,10879916.838042155,889085.2262060622,1230215.7208219508,1286824.1434642812,3900431.3169639087,6670544.129533512,5372250.305664573,4331839.296055158,2568098.441571479,5785528.789922658,1855128.3080304523,16015743.73149466,1007481.9271573457,31312597.494400717,9814346.52948059,5647892.625066792,1389311.287725237,9056977.633082833,4852784.780240814,45398844.990079954,22275229.314912938,3167851.72982783,1361932.0506302586,1941335.9059106116,849866.3190159494,2870010.028997255,Control
5447033.846084564,572163.4829722339,2138701.1763188248,208996.65307585208,8251618.977606941,2592308.2619184284,726802.2621539178,1860819.976152942,402529.42823353765,6486862.485491096,14021988.452889565,35080041.35854569,8664457.657785915,4226324.695271565,1923612.6925479288,1701963.775720848,3279279.3233740344,244141.83016259968,674787.400065535,3725388.77119513,417056.1014293917,436737.4005979707,4372997.234313577,281161.41669397225,721647.636181197,338799.5071162362,240393.01127334553,516868.4043557532,0.0,576849.5065838005,435800.1958756582,241798.81835681637,858948.1280000852,270852.16474852647,573100.6876945464,6895483.744419671,360823.8180905985,0.0,245547.63724606842,799904.2304943525,616212.1049209563,1580595.7641812821,1118553.8360808536,315369.38905840524,209465.25543701043,374413.28656414006,254919.68446920163,601216.829363944,547327.5578309321,212745.4719651062,368790.0582302609,831769.1910530021,393157.38101040444,1278815.8435964186,526709.0539400427,1913772.0429636394,564665.8451937278,400655.0187889106,247422.0466906955,436268.7982368144,817242.5178571461,825677.3603579669,220243.1097436124,372538.877119513,471882.57768471615,229146.5546055873,250233.66085763503,1159322.2415014803,335519.29058814043,216494.29085435826,0.0,1228675.390952661,520617.22324500536,0.0,218837.30266014158,313026.3772526219,317712.40086418856,4005144.3808056335,609651.6718647627,2831764.0684694657,222586.1215493957,322398.42447575514,328490.2551707905,1053418.1078800831,1739920.5669745328,1389874.6031905385,1136829.3281659617,653700.2938134852,1527175.0950094264,495781.29810370546,4284431.388054993,275069.58599893685,8363614.941923359,2679468.301093561,1465788.1856979106,363635.4322575381,2431109.0496805427,1304120.3710988767,12116651.252426742,5836911.010566867,828020.3721637481,351451.77086746524,492969.68393676594,231489.56641137064,757261.4156290988,Control
12616850.796033004,1264831.9327264538,4924317.580783338,0.0,18943040.687486667,5841980.556051967,1619106.687559143,4372095.613365038,917662.9752686333,15030791.675666606,32352695.44777272,80861943.89817329,20025152.11628793,9617189.18992809,4523347.586058648,3806677.1651077066,7468193.040985955,581660.2708284563,1491202.3348115247,8497518.546431115,893300.2414119442,937965.2534825376,10096322.955776354,706519.2818439906,1605910.2067201023,814121.3563776995,545116.1700434225,1243514.5406018533,0.0,1342995.7038499976,1033385.9610879068,566433.562168028,2079968.4030148496,649672.9028450476,1404917.6524024168,16009361.485576956,797879.533806575,0.0,575569.587364284,1741935.470753285,1379539.8046350314,3562034.7126301182,2585495.1305411546,766411.0025750174,0.0,800924.8755386636,531919.6892043818,1368373.5516173828,1253665.6797088056,497405.81624074036,859801.4823589942,1814008.558412661,845589.8876092571,3039251.0486219926,1188698.389424298,4464470.979238318,1301376.0335114878,895330.4692333316,578614.9290963724,1078050.9731585004,1965260.5311062718,1822129.4696982207,499436.0440621327,839499.2041450848,1080081.2009798926,0.0,584705.6125605447,2677870.496414435,778592.369503362,524813.891829518,0.0,2774306.3179304954,1126776.4408718834,0.0,522783.6640081257,714640.1931295553,727836.6739685913,9141100.765811967,1382585.1463671196,6581998.596948908,562373.1065252433,736972.699164852,795849.3059851826,2384502.5762234693,3995488.3524970477,3251409.8559573316,2604782.2948443675,1484096.5374366564,3633092.6863787933,1147078.719085788,9813106.174692312,642567.1054701792,19314572.378801133,5951612.858407059,3466614.005024754,782652.8251461467,5547597.521950314,3042296.3903540815,27707534.192430638,13612677.542425144,1911459.4938394176,892285.1275012479,1165350.7694783048,499436.0440621327,1819084.1279661371,Control
15528353.08673864,1551388.1182650346,6017996.5960758645,613608.7333436346,23519738.524294123,7285735.394210354,2002911.5258197777,5391652.587134515,1145017.0514657586,18915936.395726286,39892671.93362551,100116632.4828124,24723222.068276588,11824124.516299088,5635938.328144906,4625799.422782038,9092407.900592845,669759.7212062107,1917816.7297806137,10325993.005078986,1211008.934108378,1261371.160335635,12543088.71140549,827214.0376868421,1890609.5500946257,1011875.5338534616,664549.8357344214,1471503.2076976534,0.0,1674109.864933759,1279316.321405121,708544.4241628362,2573683.423062063,806953.3719632323,1623168.7625429663,19834612.86725114,1015927.6669981859,0.0,680179.4921497833,2213043.5731817964,1694949.4068208982,4380355.92944459,3233023.3733247006,903046.8151094986,0.0,1019400.9239793748,688283.7584392261,1655006.951537214,1568754.403170985,0.0,1044871.4751747682,2360078.1187188555,1111442.233980917,3747065.40654088,1473239.836188248,5548528.027451618,1561229.0130450716,1132860.6520315916,721279.6997605328,1347623.7087018641,2262826.9232455236,2357762.6140647307,629238.3897589908,1089444.9397667125,1405511.3250550346,661076.5787532325,644868.0461743468,3207552.8221293073,984668.3541674679,0.0,0.0,3409580.6032018773,1452400.294301109,0.0,657024.4456085141,885680.5302035421,892048.1680023905,11109212.454337414,1745890.5092116909,8155786.267998504,655866.6932814491,933727.2517766753,940673.7657390591,2925061.254325821,5048957.898323736,4030135.850507896,3250389.658230657,1907975.8350005765,4339255.721833834,1443717.1518481306,11983315.461270295,738645.9846664832,23562575.360395472,7422929.044967346,4285420.238625382,1055291.2461183409,6868365.680303965,3627238.0406898092,34286256.28982074,16825614.569213204,2459644.8188463165,1064553.2647348486,1509709.0344907495,650077.9316461303,2121002.2631802545,Control
11099113.514984664,1150191.854089998,4315541.585298456,455817.6108782881,16752656.496827438,5209959.0444175145,1394638.7736415227,3885550.6183765046,818523.3738087739,13322017.29129568,28558831.02749359,71749588.60378703,17652964.24316459,8511238.480659256,3967561.540413257,3366299.14514935,6548186.990470191,481191.1558178338,1356351.9067238148,7469110.742070738,822601.2649597727,866098.770570427,9021881.072567638,585177.3801682986,1409591.041195184,724958.4268441977,490253.13615338807,1090156.234366961,0.0,1157667.9878668264,914353.815857245,490026.58664500114,1889196.3504543006,583818.0831179684,1180549.4882140944,14163422.165451717,719747.7881512555,0.0,491838.98271210934,1582901.4151126265,1255310.8259824058,3172825.8649853035,2349771.5010087527,678515.7776244921,0.0,712498.2038828138,512908.0869922692,1212266.41938853,1129802.398335003,0.0,771627.6255722902,1668310.579775209,766416.9868793479,2678494.8376809172,1065688.8874609673,3947172.0846582623,1134333.38850278,807648.9974061114,507017.79977416195,935876.0191541787,1619149.3364548348,1687567.2879882564,435428.15512329753,729489.4170119747,1013355.9510231545,468504.3833480631,490026.58664500114,2354755.590193308,709779.6097821451,438373.298732349,427272.3728212996,2503825.1667131437,1019925.8867664312,0.0,470996.4279403407,647025.3959584438,644533.3513661703,7985870.170705615,1228804.5335009126,5805331.152463302,485722.1459856109,685765.3618929337,697999.0353459263,2141119.4037826583,3570193.7026992803,2891677.9250747883,2318054.5698343175,1398037.0162673562,3166255.9292420275,1028081.6690684246,8616584.002060054,543945.3696415352,16841237.35460747,5317570.060902183,3011749.164520862,729489.4170119747,4878064.014627903,2616646.821890772,24488416.01027178,11961134.394404097,1748282.5562364585,738777.9468559158,1040315.3425214215,451513.17021890223,1545294.196720084,Control
24816223.06580928,2637967.354532763,9494408.366529567,1006293.5813627122,37880983.800111674,11762832.880448932,3246291.7229271713,8749637.410831733,1802232.00729932,29523630.327777244,63561368.585509345,160938749.724383,39632048.33717225,19233283.535311077,9045271.68332248,7385171.537797551,14491764.626517275,1154110.717608086,3109845.1356237535,16436128.495590957,1915937.4967188423,1898881.6733059112,20387394.252919126,1267816.207027599,3200809.5271593714,1824973.1051832242,1148425.4431371125,2234312.8670934853,994923.0324207647,2700505.3737135027,2023957.711667381,1057461.0516014947,4110453.4425154924,1364465.8730341902,2376444.728867876,31985354.17370982,1586191.577402242,0.0,1034719.9537175902,3757966.425314997,2694820.099242519,7163445.83342949,5145173.396233082,1574821.0284602945,1000608.3068917383,1688526.517879807,1148425.4431371125,2763043.3928942326,2745987.5694813016,977867.2090078337,1807917.281770303,4053600.6978057357,1756749.8115315204,5781924.136982378,2541317.688526181,9238571.015335653,2575429.335352033,1705582.341292738,1142740.1686661292,2029642.9861383545,3718169.504018162,3468017.4272952327,0.0,1631673.7731700507,2359388.905454955,1085887.4239563725,1114313.796311251,5258878.8856526045,1665785.4199959028,1091572.6984273465,0.0,5548827.88367237,2484464.9438164146,0.0,1119999.0707822342,1415633.3432729729,1313298.4027954077,18624959.1669167,2797155.0397200845,13127298.753483104,1284872.0304405296,1603247.4008151726,1688526.517879807,4974615.162103813,8067404.474314636,6594918.386331917,5389640.198485048,3143956.7824496054,7032684.520597046,2194515.9457966504,19744958.237698905,1267816.207027599,37602405.35103387,11933391.114578143,6810958.816228995,1580506.3029312682,10722427.65226036,5912685.449814822,55255182.583413675,27283632.18621283,3865986.6402635365,1790861.4583573726,2467409.1204034938,1057461.0516014947,3581722.916714745,Control
16489520.49659112,1651762.797359179,6352887.833579501,665010.9452076033,25022830.9077128,7850956.554573212,2157697.3833714374,5872070.567440171,1225366.3909445864,19875574.42803487,42248528.089151464,106310252.42510796,26188394.156102717,12782323.689628923,5919913.081483882,5010307.283227801,9810107.504663283,704481.0192936697,2032708.8154322382,10964308.15596784,1302512.4448400745,1302512.4448400745,13315169.68979075,885086.5098086859,2057826.135305186,1071074.2831536166,722421.9620600583,1587175.4034001648,0.0,1783927.7424049312,1343776.613202779,757705.8161672957,2824502.422855679,868341.6298933831,1753428.1397020689,20998079.41378543,1045956.9632806688,0.0,714647.5535279593,2340694.999588638,1814427.3451078,4639527.799389025,3453033.4511049525,1001104.6063646877,0.0,1060907.748919327,742156.9991030913,1788113.9623837601,1602724.2204643693,641089.6881857477,1085427.0373667288,2514722.1444226406,1153004.5884534733,4038506.2167148897,1550695.4864418353,5920511.112909435,1673889.9601043963,1206827.4167526518,729598.3391666175,1361717.5559691677,2388537.5136323497,2490202.8559752395,669795.1966119783,1139249.8656659073,1468765.1811419788,717039.6792301435,717637.7106556896,3437484.6340407487,1064495.9374726035,639295.5939091095,0.0,3769392.0752190044,1467569.1182908863,0.0,699696.7678892947,929340.8352991143,962830.5951297136,11885276.551309306,1812035.219405616,8715709.995913332,710461.3335491305,981369.5693216547,1010075.0777478789,3158801.9897361253,5291382.05323461,4298051.855402026,3435690.5397641105,2076963.140922673,4613812.448090532,1475941.5582485315,12846911.083587926,817508.9587219412,25204632.461078882,7837201.831785658,4470284.905959391,1113534.5143674132,7211660.960664096,3852518.4433699534,36525367.34667236,17728641.610323258,2547015.841402148,1057917.5917915967,1550097.455016289,682353.8565484522,2314381.616864598,Control
12125395.092795858,1209605.8430872106,4720226.386627138,479165.4780876231,18310753.899556067,5727876.94835533,1514452.0256859905,4221928.302937087,919215.4069436014,14649198.356263565,31397456.131620854,78521914.06844255,19414492.65830979,9282289.90027419,4311638.964761832,3616487.6278733993,7114353.101011729,513178.99915861886,1476611.983494514,8148364.141569928,900082.8013411692,953654.0970279851,9856268.068347204,646256.9003488781,1533159.4622750396,798467.4071415743,529335.4216673411,1169214.786815407,0.0,1264877.8148275777,977888.7307910662,536988.4639083123,2066746.5740762546,641580.0412016171,1293364.138724532,15576491.974461565,791664.7029273789,0.0,537838.8019350879,1713431.1239513073,1356289.15270587,3501266.825245409,2566745.333819861,755950.505802832,0.0,753824.6607358976,526359.2385736265,1319299.4485411688,1235541.1529038427,0.0,832906.097225958,1878396.7011456233,828654.4070920845,2863088.13615089,1152633.1952932968,4356281.711167514,1223211.2515156108,849487.6887480682,560797.9286580102,1017004.2800227109,1759774.5464105352,1823549.8984186486,486818.5203285988,818025.181757399,1086731.998218249,528485.0836405655,553144.8864170345,2505095.8268786813,807395.9564227134,0.0,0.0,2708751.784291259,1125422.3784365014,0.0,528059.9146271779,734266.8861200776,683246.6045135839,8701934.197000336,1346085.0963845723,6362654.285342766,527209.5766004022,727464.1819058774,749998.1396154121,2264875.33431479,3935364.3879139675,3196845.8116600164,2476609.502981727,1482564.3496819339,3451947.219692471,1097786.3925663226,9560775.604042942,613944.0553314335,18605396.025833543,5785699.934176005,3306114.248100582,788688.5198336643,5344374.498279901,2871166.347405253,26898742.800968576,13139423.189724844,1886049.7433865992,806545.6183959378,1175592.3220162194,485117.84427504754,1675591.0817598258,Control
9698797.2875028,982928.9580205554,3766845.23592162,396803.09413686855,14718029.59235061,4593619.224010335,1233987.4135543737,3345347.867469953,726060.0850008975,11687412.672030108,25147244.77796869,62883001.13972904,15404869.359322138,7475586.296984877,3456472.1018865644,2915376.9735181066,5713335.093676605,412055.44003718963,1194767.0955249846,6483457.511278427,714923.4514863775,766733.0074017473,7795643.460163027,515190.35041077324,1210745.7436110324,636240.7146990178,407939.72765138856,934993.0137624085,0.0,1026264.9884357455,795542.9941023504,433844.50560907356,1620380.1763624563,512527.24239643314,1029654.398635816,12276443.744656695,623167.2753558883,0.0,438928.62090917927,1363027.1018856459,1071295.7239509742,2755348.3919290435,2026625.198913806,602346.6126983091,0.0,612999.0447556768,433118.203423343,1082674.4581940686,968887.1157631174,0.0,661903.3919281247,1477298.6457737493,656577.1758994446,2380576.464092637,927487.8911765371,3433956.73412895,981234.2529205167,703302.616514705,437476.01653771836,812247.9443741286,1413141.9527009767,1446793.9539731112,373561.4241935274,659482.3846423627,877130.9396326282,408181.82837996294,440139.12455206213,2038972.3360712088,625588.2826416539,0.0,374045.62565067975,2166801.5207595946,902067.3146760045,0.0,402371.41089412675,561189.4888403069,554168.5677115878,7059899.346019066,1081948.156008338,5102514.955478143,426097.28229462396,587094.2667979918,598715.1017696642,1831492.0116811548,3106152.347636382,2521963.289581308,2015730.6661278638,1217040.3625540212,2714917.5702567715,901583.1132188521,7520859.133228678,475485.8309242281,14762576.126408711,4632839.54203972,2643497.8553267056,646166.844570655,4339655.559733588,2284220.374119194,21510165.532564092,10451004.251189956,1502961.3230028565,638419.6212562056,944434.9421768934,401645.1087084,1365932.310628564,Control
211489.60382706756,2148499436.5055013,178245342.16489872,554569708.9238943,117849730.27910405,9790326.547759289,2740649.7684110673,280090.9122581691,2368023.6502327807,433546.1272764162,57589372.462003775,205262.6569477066,140926080.8686618,48133.52307151263,5991295706.435515,3334107.4544850155,4012007.8817371936,13537493.74992855,1229396.1177885253,672398.9413531387,76157563.37154154,2472001.6711426945,383527193.38707566,1184612.2366837552,98403718.47059731,215434.03690159752,539629530.2428926,235245.55749431363,0.0,157252.61792581185,1491446.7169886888,1147.6453199266434,361518945.09782124,327000017.8551785,374091.6277099356,1045003.6997752573,8113.851479077108,0.0,243615.7871049382,22852.59182883992,14074.772259019597,14567.252516257593,22976372.72884226,876326811.4493043,0.0,12137.638933061107,112882476.55648158,214718.24668619692,83840.61734411573,13528.685528090016,2414933.040764768,2840122710.3534927,2336118.9238666887,135178633.27721718,1948440.3351288093,1326588042.8392968,36757766.00315319,15900366.904803323,18143645.422002696,2431601.068319785,1744529944.739285,1773423354.4363666,2027.2943980583018,3653.6641201673688,15416467.756067712,906968.7437109996,4833.877119308817,790502.0788382145,4271.0466794875865,0.0,0.0,532349.146228527,4385316.597210609,0.0,31121476.845641885,1284563.8941539472,29630797.69765173,15188950.022229549,41730653.08695603,358286135.5886982,2518.6041888014306,111062.46193039457,10230.55024907256,15117734.29777427,15976.157535606857,16727.95040370724,212957.34800789892,15967.234140961353,71849.70927707452,102727003.05005386,106868851.22152755,240646003.03902125,148687.69816895004,53273061.33831641,673489.8667661645,35380.1809641065,1457944332.26443,7992792.520431918,26705893.504213814,7865698.169548997,950239236.0934908,1449.8353752138714,59168.007483561545,170736727.57155544,5756153.745337626,Treat
125710.5154256401,1237764069.6968062,106502505.00768808,355193666.45282483,69094192.00821315,5820475.414283451,1626420.7383226482,159032.85285733017,1454965.7123531452,257276.1352667191,34401593.53347148,121036.15780469656,82912038.93938474,28969.464613355616,3518646466.8995504,2018010.2740243508,2390813.169863344,7922627.334981888,745292.1956601761,404801.0674917999,46280190.28602329,1461032.096386184,227099875.3281525,659228.1062485809,59275724.666602746,129905.56243517235,324139806.29373914,137223.64271969907,0.0,91176.05655025924,931321.3929097661,735.9275033011636,215088412.21072733,187664489.27289867,211535.14635307292,619172.5090314198,4410.303580714242,0.0,147546.08606633928,13958.45036563887,8248.527405245602,8730.381613057956,13301016.470754607,493004219.57066184,10300.323985515053,7040.308916380168,68348009.02522396,129695.37439431391,51762.10233889319,0.0,1456206.7608821597,1691617896.8286188,1380797.8759795346,81227275.37885088,1158790.948668483,787669162.9928225,21162467.964893136,9399673.41869209,10849133.532482622,1417198.7261933635,1024516485.8758936,1038863276.660483,0.0,2199.3925289013055,9400140.43177913,542320.6588350383,2661.1364327473116,480429.5722627679,2499.462969838513,15390066.449133163,671.3390235008571,306087.38704369473,2563810.599160565,0.0,17927960.71877476,712269.4481306499,15843009.45956729,9002414.689025184,23212578.51305013,216645562.4677474,1406.1156306795547,66177.04468569352,6523.591149493201,8881327.137744837,9682.474998569827,9674.27432676049,132997.33627677034,9549.874364135385,43238.80045367593,60413421.35864885,62681170.777807616,143126099.5010808,88284.28472044955,31338924.241617456,401722.1153377012,20293.13126328818,863091457.216062,4826909.150261461,15904501.780432193,4652797.500666986,576526312.2041953,883.5087444172631,35476.38040968563,98335275.89864331,3535494.993122214,Treat
181116.2503990249,1784327339.6224725,147698142.8691313,0.0,97964925.18322094,8216643.679190574,2240662.3297728375,229197.65927089137,2130923.970524746,360641.49101413164,47761994.41383774,170499.41922919019,117530344.62082192,40600.21761704255,5246333276.258972,2927229.6781706354,3434418.9619935798,13045419.457299272,1061186.822934412,568530.0709008169,60981182.79069167,2082817.0807172959,321964846.7806402,917957.294487809,87303950.01742356,179041.87247177146,442283262.75891453,194368.45553150418,0.0,128844.39381103065,1251863.8690388887,1158.2317904799238,303261264.6098975,276820297.2293771,301560.12115407747,860417.9325067239,6328.152170159284,0.0,194720.44078604368,18394.92236397025,11745.702598201171,12105.43323540388,19096420.002616685,742654143.368833,0.0,10328.00294629516,84173754.89523166,178130.31656896984,71661.37064057439,0.0,2123626.6403021123,2351224969.280411,2063686.6014244824,113729254.59705423,1703644.0854471126,1093315229.0151014,28659243.14246345,13816952.13561893,14430220.126538608,1984177.7497776616,1458934798.566739,1395123427.8005652,1716.4382940164562,3051.3020112206864,12764927.458121052,701033.668701062,3852.8936579811457,688529.010572067,3574.403631239276,21420289.892001424,1020.5190649543284,452264.0112378271,3349555.381802944,0.0,24345856.960000917,999965.0066754809,21601499.379465815,12586861.115772303,32827879.901459225,302271339.14509124,2033.0733605329333,90793.98358214549,9254.860541428412,12319943.775942251,13612.91139283085,14207.084902105076,185306.2595673111,13725.574827970977,58010.66509136875,89717163.32104957,88234873.85741277,186033555.3901553,122575.27806770787,45993496.04468565,567211.706561637,30564.899485964655,1227019019.74222,6853178.2835840555,22108220.79446688,6573254.000554732,811257558.8869683,1302.7979689953324,48860.175160864936,151460094.15668803,4797477.589039948,Treat
173634.83337638466,1704932134.7629352,147528704.20390385,469213743.2216915,95514409.55838203,8055468.424327531,2158912.06157343,223026.29734193036,2006164.3004221446,350529.364816395,47581527.464733414,167022.61827896,115279916.68466781,39857.70462107811,4916421663.458857,2781701.5465547238,3242881.0635855733,10938472.860228708,1017632.9081121167,560047.5219916726,64130192.65349551,1978945.9140292087,312843411.2697552,914056.8893240722,80465527.71188483,179005.8723007475,468429249.51410764,186443.40991926173,0.0,127841.23946304945,1228920.4615678524,1028.8889475054355,299443633.63636357,256671250.5431561,299924.2997521165,851726.098969787,6480.00927666619,0.0,200810.30961083403,18889.61045476798,11420.317338459026,11959.588684107604,18206122.994946174,689810926.7431934,0.0,9535.276262092992,93243622.48472518,182257.18490000663,70030.97489050435,0.0,1946576.3455009654,2319751217.8386507,1897869.5340030263,111656341.5694044,1599941.6434763044,1111857091.9319193,28895688.365960505,13154068.227020048,14760297.448105011,1950566.7215707127,1450286041.0767422,1440178826.4202797,1647.5190734456385,2908.5774110493176,12524407.252101464,742671.2225758058,3850.123415923996,655826.7093314445,3456.0861250384896,21001711.300602447,930.9925028512541,429338.3192479109,3582642.528390905,0.0,26039129.176836547,996157.8075268326,22623099.098950185,12352767.317923745,33521757.236456566,291206014.2240622,1956.537503623875,93162.70095893688,9082.119288078919,12416731.584762571,13257.144347843316,13562.557792349753,180762.83166362284,13520.195716451248,58081.142808767334,83783348.86827275,86114991.2095971,190301126.44831964,120889.81024482015,43368064.910229295,554904.9870739892,29030.383320025765,1195199101.5553985,6635713.924638829,21768002.630686734,6435877.619747734,787557708.915564,1201.7962819683994,48951.22560928091,133379505.9463158,4742099.23342817,Treat
231208.82492158187,2327425027.045099,196330875.78856027,650792800.2234485,125411972.13630892,10398972.286927734,2856976.636177401,294352.2042357836,2747519.1019003866,454724.68359568965,62234167.30225891,218203.79420721004,149872561.57846367,52682.56529796991,6433276468.307991,3614893.2904816936,4221410.901034042,14325603.828123301,1363468.349720461,728909.8523982316,80673117.99988922,2718298.854201946,412412953.9790412,1195360.0812485146,107017210.30537672,219983.16069266602,589978112.2337426,253780.67160331566,0.0,166274.67232222378,1580115.297189779,1284.111744403084,381440936.28903145,336198586.2749805,397819.608537606,1116810.8528465244,8801.782896866387,0.0,272918.657049353,24491.977871959767,14708.975322017695,15138.06039248253,23719110.36403301,897502905.9995277,0.0,13086.503607333978,115904047.8570918,237256.04208965108,90752.94649768292,0.0,2506810.345418142,3036535572.317551,2559216.4259018865,144766376.9735989,2159573.185460028,1457376214.356165,36396161.29183827,17005522.049440466,20193765.054222453,2620534.614575969,1929254402.8239949,1849843156.7491713,2202.351325152105,3736.759610302713,16696527.198085533,949683.8656548994,4756.257369952281,860286.1171626706,4506.524910005501,27197158.62245539,0.0,553359.7879252196,4702928.853480488,0.0,33961903.42648125,1266685.434162791,29035593.155253783,16078583.722694157,43646874.61736614,385102319.42923576,2648.0954254479007,119707.39186776889,11490.425723108976,16476114.5691782,17004.932591479857,17785.737423867264,242586.14928814297,17829.70168263508,74699.42933956774,113003095.57486299,114202915.17159577,240968428.16851014,159681.15034049476,57234693.146707974,722776.5402614686,37903.970040253575,1583379323.3715558,8800338.656006858,28532620.54456956,8527917.434909118,1025727238.7962114,1589.7517573630494,64922.59454559865,179479201.32755724,6074222.140908333,Treat
125919.84913379181,1278156512.6339843,107652571.46137755,339172704.5762432,68962046.86240993,5907635.889889315,1603211.8991670485,164029.73437460873,1454388.1903683303,254923.92473367823,34409178.335325606,121159.72086488243,83711208.43762988,28918.389325086373,3588569483.7001843,2003456.9973368137,2359321.0244675856,8200081.718456497,738306.391325953,407385.75679248304,46976510.20925534,1472696.1991928287,226895821.7464499,643410.9011181911,59641398.63664965,132650.8329751641,329224112.86517453,136175.14199902304,0.0,92538.74241853246,893865.4946600192,742.6957106713468,209209398.447171,184328846.76530987,214712.66972448357,615952.1184368263,4657.391332269186,0.0,147050.21112640615,13624.517352213545,8287.453418735975,8613.081150256889,13328966.91474806,506343959.4278658,0.0,6905.956126361876,67733049.8970659,129212.0693005301,50257.51694783575,0.0,1453114.9405335642,1677438232.2436783,1367722.8226181932,80957878.0509728,1166846.677480278,801857516.5160528,21066089.04000375,9683800.814236175,10887779.190460032,1405129.3133457266,1053739553.3411748,1053603606.9026282,1233.881484452154,2155.9214926003306,9171489.25763169,527485.5696027993,2759.743467461809,473818.47065205657,2497.053271535316,15146991.331314959,0.0,305386.5901648269,2559330.113856678,0.0,18315166.080036484,704410.9118064225,16984165.856894117,9024964.236927733,23944275.14352028,210537347.4250579,1461.043464352201,66103.72369255073,6480.7572590566415,9058929.704509027,9558.459340437465,9669.91714646768,132023.25194903024,9816.055057551379,42603.48944992791,62352881.7467424,63019590.36900034,135061145.45158425,87524.19280082815,31567200.050258514,402794.2163592761,21035.67413272741,875395728.3659457,4769025.49789154,15795712.148523653,4669400.786256328,573735899.5386792,851.0677448968128,35686.29555330232,98398360.60393636,3423681.330104153,Treat
114430.1769231276,1157890497.6171281,97644275.26578124,308666581.84932405,62621536.85705887,5281855.229429923,1416808.5186665584,148469.83399270795,1341386.866691695,231460.18729601332,31236250.416978344,110082.04314271157,76202082.33101352,26308.512780456924,3209256221.5853705,1834453.8829648753,2157714.660340727,7203325.365832821,666161.0509266107,369445.2847275088,41092393.30911633,1332538.500011773,204499652.48275068,600729.1213009619,53931064.561092325,119127.48877678986,304164807.0259747,125732.7744143417,0.0,84216.36815667254,800013.3495966102,668.840869257148,195284493.14872664,168017755.90953448,192265.80655314645,559105.3210542972,4170.469496461588,0.0,134244.01987758695,12121.841500527353,7624.492150495777,7842.079345133828,11978068.686532028,472958757.98555094,0.0,6308.192994143957,62323259.23936415,116765.43182694113,46245.206305069914,0.0,1310888.7141041467,1552525009.809512,1251842.1642821915,74259337.68013014,1054234.8635228744,730763371.2787253,18926515.540585097,8618304.375271732,9693143.99350445,1267290.442463852,957051719.1179506,948278687.7225311,1099.0724391876004,1933.3933246395238,8516080.941340704,474001.5459760555,2495.074385287129,421953.993150936,2225.406443244521,0.0,614.9263319927543,279565.5065552796,2348604.2948869867,0.0,16832377.62192652,642009.4021015543,15115415.681996489,8137411.436978748,22330739.550879575,194490240.40633923,1298.1656020350206,59729.71534519723,5956.268616477885,8173791.446159114,8783.57242767037,8798.18444873366,118347.43423181502,8981.159831976438,38446.70281164083,56142839.59209461,56978811.28031167,126083080.79496197,79842.34656748701,28607827.660592377,361403.93260540825,19396.906100303477,789885479.9726111,4362604.010200331,14335362.052076276,4219885.672467742,509901298.1057336,797.2233078852997,32372.493696408234,90296210.44272232,3176280.0239711227,Treat
242659.1213483828,2336597349.1695404,208360601.70776996,661624215.6419581,136101890.0594479,11304649.350823669,2991570.2026566016,312332.58154904965,2900935.9642196936,498436.7535749177,67201433.16970605,235898.8632360898,162798202.66586596,56629.99205121778,6888374420.150679,3829210.736388189,4551389.198186361,15987245.846971728,1463826.3034296522,792699.9330464508,90700648.48166037,2888975.3680490805,441263287.81939757,1268719.8243529794,113030764.53524208,253329.89440505215,640578780.8108835,261494.44906782595,0.0,177513.31624298322,1767069.7953667452,1452.6244378028393,418190519.4085019,348418093.4193582,412515.23451735184,1204142.8947922916,8823.54645766438,0.0,277728.31706346874,26017.33060625315,16263.441521131756,16849.057172509376,26602249.58517112,1011262732.7448022,0.0,14237.152294532205,136764586.79919532,253865.49638326743,99939.15415384586,0.0,2781396.9053059565,3332477828.338664,2667779.819510074,159310337.0749098,2382110.399182368,1578382359.0617597,40948958.197560474,18005579.00419921,19896002.19290809,2747720.6877397015,2064000320.0804162,2120734046.6708724,2276.078988836755,4033.8083466552685,18330060.66385141,1028018.7735645169,5681.020350645374,914219.3166283655,4820.963442114156,0.0,0.0,609589.8436539647,5342498.109451222,0.0,35485613.27935517,1370691.6980860226,32000402.617561057,17286604.0366748,48873104.58062425,421297530.0060138,2885.654596232648,132260.26177757114,12505.132830346023,17749662.7609319,18812.625031096326,18996.03294678593,256827.39827605832,19096.661987401818,83448.70319851537,121289138.77911061,123294402.9794934,262937813.46703804,172977.40887716526,61352044.29651776,783456.6994946561,40148.2242600412,1681084149.3778048,9301917.837952163,30696595.03968143,9133825.934209388,1110145381.0299659,1599.534415028786,68517.72886051482,190310131.5038905,6716471.680371282,Treat
156615.31201839037,1711213542.5306818,132215371.61529152,0.0,86089088.80312777,7021877.382039738,1883286.9291922215,198813.73667873122,1625269.5685258093,323837.0578071384,42600306.88333907,147951.8185238547,104732827.85550874,36046.65626903967,4252184730.413406,2288674.6225245357,2889960.4743677448,10402523.142318659,796139.0421412453,498308.2638669068,56422686.108978614,2036208.3639861075,288275748.2257403,893105.141678787,72651855.01012371,158141.77317584085,480444441.1599384,168920.08197995753,0.0,104460.82760990744,1274170.8910555749,862.375055241718,274828024.9270315,232450469.8015198,264011.50699030183,762898.5909542716,5757.823240873989,0.0,165027.28229375093,16050.589326466605,9668.901331633573,11012.110455747395,15858338.537598036,643015262.9806342,0.0,8730.565284834607,90896190.03654973,168888.27095500386,56788.06106065499,0.0,1946861.506245811,2164945872.127169,1518696.0307576256,98754728.6991267,1482036.793075667,1007859875.305253,23442181.957221474,12449718.037295336,13803335.933453223,1783325.986359867,1310815377.8826153,1252061442.7482824,1489.5005762330704,2838.2484053067787,11558195.88953851,673064.7444535812,3120.2598173871697,578692.3783755634,3354.047931096755,0.0,911.1734577874847,376732.4276704876,3109226.302492095,31234767.923153356,26370129.631470088,880161.5889008348,20601091.075540725,10879056.109869858,30713718.518204782,264432264.59740818,1892.185750308199,81559.67005720937,7051.28920513418,12175155.19389395,11403.80119519607,12759.689637319801,161200.89661355433,11423.18775686518,50024.23424056031,88078364.16089436,76126127.85826463,152674585.10294244,107081.53036081392,39968503.0081696,472240.3001750579,24005.69382487749,1084296588.7110143,5293887.891534369,19611979.509983324,5992173.218548896,685162408.547961,1023.4717541129077,40687.727599632395,121041290.18250082,4076117.7575872834,Treat
101714.13107169868,991242788.9729234,87072725.5701868,283384972.442879,55574745.62270721,4732696.536641465,1291282.1423040268,129888.1577230683,1170151.5563703126,205836.50360664213,27702274.14705334,97635.44673956788,67510059.36105773,23321.07540099317,2868532347.702437,1622548.5610335004,1904802.3692973258,6663409.687030793,607116.8640109941,324286.22634452983,35927487.15627201,1172645.8459809164,183139253.9726057,530087.2134408397,48330648.41575839,104921.56207570233,260299401.60650447,110244.84269747543,0.0,74867.30838810273,741570.2277865434,605.1158532343445,171748504.28020108,148459016.3636245,175804.5928875372,496251.1817635342,3772.8591024216535,0.0,117743.83272728353,10770.947934591837,6649.762780099812,7029.799557045934,10978336.014680142,389376417.9698064,0.0,5638.900268628307,53356370.03015619,105718.28312448655,41289.87185419856,0.0,1167373.3266420013,1370242400.3084543,1117021.818254321,65789266.38412435,955932.5329365346,646986119.9628309,16407756.70153859,7451070.636112588,8497194.55787104,1142890.127219679,840397013.4259593,824441023.5295388,983.055963449584,1682.8102067832897,7387944.4985068375,425272.56183665677,2203.411932618787,383851.0104228106,1965.6554945155342,12409487.706320459,0.0,251333.52334008814,2036766.0111132255,0.0,15008611.124433048,584785.5698790912,13502352.24799135,7207582.381350149,19128003.329794187,171344240.67899132,1192.1559416762343,54033.36160152275,5199.56270106064,7254510.99780277,7672.626406563429,7863.135690232344,106896.21003016137,7814.266496867338,34269.06306967907,49064555.01994195,50730643.35547615,110925684.50425376,70728.48829936878,25561032.742645476,321513.17159068765,16608.610810065256,697668478.4658074,3805391.7468353123,12792525.069819892,3773445.8098445567,462995725.0508139,711.8588526148071,27980.18465030849,74548557.66183749,2808044.8259066297,Treat
227632.44054449277,2171329333.4154534,187491827.7647088,635394653.6396155,125992700.80991092,10684666.509939859,3091455.0828584665,293933.1349540845,2316004.375881324,453656.14466217597,60442076.2233672,218024.68132806613,147700153.13722655,51197.256183978985,6715600728.305741,3403140.3281280617,4122325.8682327145,15158151.697922356,1276104.2776989783,731383.7455151934,77286068.74113128,2668831.559697776,398875990.43295723,0.0,99587608.44286238,249242.75779546145,617608864.182046,229816.20219652643,0.0,177084.97062602922,1599690.5892250487,1206.4384199242786,361341913.3963352,327536599.82246107,399444.0597634242,1092930.0175758838,7759.110512300326,0.0,243069.60307771663,22802.6056691612,14458.023658596812,14835.713102778544,23361759.262569122,803408028.6036994,19311.541574338607,11765.109494678049,112603117.51468757,222382.38270868605,102630.07301353292,14166.147175259975,2762259.9613974076,3182507350.9572024,2473073.6913836994,141759803.09695795,1980025.6119818513,1403636484.542774,38928341.578712456,16160091.090057898,21154282.705406554,2611269.2573981564,1864678752.6065454,1791108448.6267612,0.0,3977.635883772263,15991576.75765952,868596.1411052443,5347.315641468373,836833.843991984,4033.661615432395,0.0,0.0,556155.8902022425,4885465.204106231,0.0,33463078.411024887,1260865.3661205238,34039225.22562048,15802845.922043853,43503675.75707946,384661010.079098,2418.626800122827,121041.91710815398,12481.582567041345,15741799.978952786,16593.032429083538,17369.17035566907,244506.29558121442,18128.042823473308,78415.95735287713,106608624.02195625,111503860.24163684,256005162.88869438,152977.23931975066,60320496.82795451,714650.3433611275,37218.6927747653,1471624292.7183683,8353738.730774884,28486112.82875431,8399503.80067453,1060603775.8082968,1467.110253144564,59561.33918222746,185375464.22120208,5639681.202974157,Treat
245615.05679426578,2435297984.2266946,212266188.34887066,658979746.991898,136301925.67589584,11546464.94411375,3159933.1204153625,324069.42896755313,2947120.2944959733,507166.06030761584,68169982.94148888,239441.3609323582,163956884.9960721,57124.693448306214,6866713644.233302,4010662.0039083916,4662870.60221704,16024265.672590626,1452198.5715601712,804429.2069165615,89275293.61474323,2875611.668888382,447823595.90317434,1403772.8487402797,118910778.09557967,246566.80229455736,635173540.7320125,276156.16663847683,0.0,181194.517261535,1794006.3818748405,1484.5641733356595,415594538.8566771,385980696.8351439,431651.41865881375,1225706.0770553614,9206.948457116549,0.0,280945.96765555587,26846.559910316424,16620.093174486454,17169.90976912023,26037557.441343293,995778217.8793619,0.0,13947.558155433086,128165907.8741303,247862.47578206778,103066.22101134539,0.0,2770243.773971861,3343286232.621364,2555526.6077026594,165555773.34071675,2258745.6125820936,1614470603.668212,41300563.87058946,17988584.500725325,20553416.831898175,2725530.5533464737,2072679892.2235806,2077202191.2581527,0.0,4144.363081159401,18658310.68702805,1010947.5248129563,5447.11485018071,919684.2366776465,4793.793522508574,30788096.993418846,0.0,630764.7050946687,5242707.756148926,0.0,36576033.8162722,1373444.4229958877,32946895.416083664,17525497.448007535,46987476.81152145,420271562.8033521,2823.0505232949295,122498.17823087117,12391.565016699502,18491891.391208284,19281.889326090513,19844.39704910463,254305.83576489615,19268.26353745759,84371.16514050227,121338834.75122097,125801083.8876952,254065842.83355832,174114.2438785657,63527979.85315265,794214.6708450755,41263.3485769035,1692621675.0678823,9408594.903540919,31087750.658097453,9326977.514469547,1148867253.3998797,1649.3352252226412,70812.80921101314,189628223.63689166,6644462.535759708,Treat
240044.95210777107,2386112101.493811,203808636.9865821,639402540.4979596,131864359.83552559,11212126.520280793,2998641.155367434,305395.4737834708,2820911.2831592024,483874.41323573573,65505734.12203358,229836.32609880558,159651391.33197254,54608.71120072977,6728717032.218659,3833390.373098917,4484883.428557504,15397292.833142765,1407215.5742873563,769998.813504218,86572693.8325378,2777092.7023786386,427953616.2492289,1289361.318870465,114171884.22195569,247685.11929903808,623054136.7645875,263439.24546119146,0.0,172604.17744619094,1688847.5397119524,1385.1104287946473,405033944.3007001,360721193.66317713,413249.5402357873,1178406.4187448248,8622.08378291787,0.0,273192.7558385478,26491.621121231823,15784.212707551016,16425.523248849397,25251953.38174426,998373475.1939381,0.0,13170.794149491829,125712773.76337056,242320.9075731627,94797.98378341952,15061.248990986574,2655902.4950904762,3170985912.8051167,2673780.168463067,151748310.84484684,2263330.600041592,1518865648.1369073,40443044.47036087,18259064.373901777,20573058.741883356,2619167.751296961,1962220752.4395812,1976929153.2453258,2224.9352518082524,3973.113666613773,17250157.246261284,1033785.0124589296,5131.210740851285,897733.6530026614,4570.220642100617,0.0,0.0,592802.9426251967,4999776.711438759,0.0,33426549.81938549,1321383.8820851452,31204839.13521081,17119987.333736915,45910348.55327388,402974078.1683999,2715.4056523939703,123557.49261978817,12281.448714880564,17015129.65391343,18352.029402378485,18628.550383298287,250068.61563484865,18562.453419461825,81523.85521769007,117110267.49821363,119584483.08985217,264980540.44650304,165986.63350381595,59973457.334003665,777076.6632750682,40734.42085801396,1637364208.83254,9157551.846113298,30059256.136814542,8855117.731154153,1097251837.7864773,1639.7477357570137,68247.03832668487,184379507.7000458,6468018.508662923,Treat
129732.53074063465,1287240936.2243316,107683630.89741494,349114869.7508198,70775002.03607415,5990725.588906875,1602111.1263120773,165123.45860692696,1467043.8287157386,261591.20681651097,35307498.14821004,124521.38718405084,86222572.64340198,29471.871053739236,3645232660.7167406,2030112.9453289823,2439224.613505606,8264515.485621588,784489.567826326,408736.07213165454,46407631.37340202,1485097.7843975257,236121229.54312372,639407.5795595285,61692601.084509894,122755.84548207893,345745233.45459527,135122.3355293851,0.0,95128.3497821601,927873.994700949,754.9767985749602,219072542.79879802,198250203.23229355,224706.40980103522,623295.9920403588,4335.7752998702645,0.0,148932.44569726972,14098.858029920135,8621.285894891587,8726.813274536078,13175872.371601967,491389291.24468887,10394.100016940562,6748.534329708778,71436717.99870092,128931.77227075324,49449.38875491488,8155.784591167771,1496897.564775268,1646346158.4034686,1332782.4779840803,84581410.92635192,1190550.2283933426,812018580.6203984,20998576.152805157,10037235.342291858,10693279.58669629,1414057.1843139192,1085121231.2897668,1070371810.6307905,1344.4134052196525,2177.6896527528797,9745030.96040015,532668.5935656417,2907.1327218937795,483808.3427081635,2377.7497796269477,0.0,0.0,321456.0757420863,2585220.831300039,0.0,18133786.1887884,755383.5931874992,17471642.219359387,9181605.468281765,24913144.351147152,217508453.47702417,1520.380640672715,69808.3277293262,6368.722356472395,9323079.686361313,9740.501795823266,10111.36587280627,132777.77596392063,10127.99341870729,44204.41075857561,63701021.1657344,63284099.01867134,147348099.1879093,89363.03100624774,32469581.83647509,414509.8168896913,20269.591439081516,892604727.2091455,4773522.98750098,16326750.110550633,4733452.525556701,563926418.4336048,858.3848436051802,36152.66146604867,98132174.9846361,3585050.7137344596,Treat
89344.90973833913,905225629.6980425,76521698.8862704,247380406.58824018,49547323.44661637,4197528.290823754,1119835.2860678183,115351.14888188556,1069821.409853915,181932.680534322,24848404.027359616,86785.95978561547,59867457.61518972,20491.675065877516,2582129901.8273344,1442979.543044567,1703789.7616587407,6037376.369459192,532631.8052522334,286771.2360033276,32556201.793038454,1054882.4796535596,164098528.48622575,489464.4296720259,41614947.55773301,91502.9504315584,239805449.2412451,99982.0357396129,0.0,66995.67495939454,657206.8357069137,539.4827834673803,154941765.4235351,134845074.99163628,147963.92270345855,443487.31381400937,3360.899557633242,0.0,103570.63857577002,9800.349589988748,5823.554892705176,6159.806832904854,9646590.0062182,371100194.43010265,0.0,4966.3695907240235,48507963.57191517,91998.41732771602,36119.32410417839,5649.7142176513835,1025649.553159725,1187641596.9238217,938743.8460557638,57543864.09277229,832460.3368285584,569722710.6491902,14964680.394687822,6950533.945542597,7885418.755112042,988544.6495777882,744785040.2892519,753283994.708822,836.0217106029842,1467.18383198588,6389477.768547665,378222.51383747417,1879.3433180492743,334089.1879392195,1810.2035130463837,11435211.381894115,478.9948401666627,221492.81283003674,1878579.9178902288,0.0,12178381.87983795,509240.77026483475,11561240.653040703,6297528.4575226735,17451060.210297864,153594717.22550806,1091.8891396836536,49133.166190310425,4581.937535000325,6399290.469530685,6958.7368838359425,7084.655728401523,95597.33309743367,6880.811975371597,30309.078032321806,44445422.19304138,44909257.89257559,98376134.86574712,62933.55803809579,22906913.665640347,284570.91657816217,14745.582968417959,615972911.5647902,3343233.687011569,11297260.215073438,3367063.592680441,410389283.54166424,610.0212909791103,25338.765740658924,72064458.92075624,2488674.4320136015,Treat
33794.81920258459,348360248.2168408,28908099.441478685,91818489.51901801,18646108.350767918,1569366.925906618,435001.6794712844,43560.72967073562,392190.50067601417,68919.46602318883,9299174.84134628,32699.633409392944,22588150.438592017,7807.064558448929,961122339.9696553,543044.4200085761,637203.730244506,2267427.0926670716,198990.38675298973,108001.75650844163,12170078.39650348,400050.9041756976,61089693.35901539,180339.89224312012,15806367.047682049,34636.10765397627,87488211.12389728,36625.63959358979,0.0,25302.013087866115,242203.7684470608,199.32611559237893,57765980.872047395,50635849.919741206,58520.29767049529,167417.26842481407,1261.7790199598214,0.0,38896.170159910864,3670.687903213322,2189.095635021753,2318.138586357426,3602825.252831947,137928895.92992985,0.0,1906.5175958372977,18220543.60075888,35353.542414126096,13659.868229461938,2156.6796098596724,384435.6594962279,447545663.3614965,360243.1762246692,22357377.127973333,314638.4635120503,215651131.08305052,5634529.560851856,2613490.0939706927,2943580.392114755,374261.73632715305,283318715.1009185,281767871.15181303,328.6546281215289,567.1265502690375,2546858.2154019424,143452.18701157343,765.3912116459198,128804.63457404237,669.2753846995932,4111677.5014286446,0.0,84273.72839369108,712802.2382117666,0.0,4885358.342898163,191679.44607355873,4489189.729556828,2418194.009623659,6644650.861044798,57210204.58548553,398.6852077726928,18029.520232215425,1741.4850887642253,2424653.686052473,2592.3939191956633,2624.6158177946168,34950.18894878935,2570.6602997644704,11595.601435687218,16782978.158200838,17037260.410370402,37310131.86471321,23612.08726041464,8545670.954179913,109248.4555377211,5665.17969875331,235096670.9887414,1293076.1783598196,4267006.356979006,1259139.8308122447,156033245.36502326,240.27383094075205,9637.277570666181,26190981.93309675,925084.9587319258,Treat
44982.83374902521,450755702.26972675,38367316.384110644,123047533.6896821,24713174.425783254,2079253.9032916874,563422.0558077596,57780.98778795071,516249.78476679703,90824.73026041152,12307491.152192239,43426.38462920436,30040649.317120068,10306.921513825055,1289185863.9628758,707807.2650578631,846105.2565572787,2951159.4169896236,262281.3668887903,144302.25907956003,16354849.513183326,518866.092392154,81236515.71361624,236407.55569283734,20725452.371359814,46172.75490807123,120263132.57538044,49495.70271519027,0.0,32730.288333263557,324626.06819358835,263.5336237060963,76477143.56999764,66904835.02275578,78811.29383840863,220700.27181345917,1671.571263276391,0.0,51139.38063529718,4856.539531467168,2916.8301563648083,3098.12354799736,4760895.932755834,180937661.35810593,0.0,2469.7535903015755,23881614.6612473,45631.65378216071,18084.22694049069,0.0,511278.5216236246,609127990.813857,483600.4276335696,28931440.366864014,421609.4262457277,290230848.4549992,7386250.550968314,3552105.707198096,3825339.0096181324,500136.0678043652,370175355.1704709,380053797.99237704,434.7079994394684,764.0835352246822,3335061.699619614,190625.5256767482,942.5428484638982,168548.03576166695,882.573756942524,5373473.767791404,0.0,110675.8650002116,925202.2308891942,0.0,6676332.659118078,258820.01289583524,5907600.130190363,3210963.352591835,8628918.021413278,76180250.27831347,523.4722947086887,23895.71377683451,2279.13236891614,3249334.26570913,3468.0149004344516,3497.921124537721,46796.36213726493,3451.4122015278926,15085.167765274546,21836886.325331654,22406562.8263266,49727896.283204906,31356.472901237947,11268956.942231761,144320.81182889815,7522.226664933338,313793247.97866744,1710457.986854882,5654899.584510864,1676500.9741259913,206479382.6920364,309.32696908076935,12344.178081909879,35497328.09840511,1260021.2813341094,Treat
103776.09107803853,1024330487.9248054,84094306.1700492,287227158.84216464,58704710.81371868,4722403.579754846,1312593.5415778235,126954.39448696355,1331925.2390704104,201085.27378452328,28009965.30562367,99247.290721485,69640586.03994836,23408.98286883359,2804589496.959328,1723560.2868212406,2013073.553977407,0.0,570482.2184082454,328081.8324495179,34674120.42864859,1069982.8911412244,187004391.16512138,0.0,41847819.711873755,97844.14381492276,301921385.54721254,107081.11288153807,0.0,75461.34897788089,666827.9112746969,558.3568723957607,160938472.44851947,145170534.59923407,173695.03167324755,513764.84826698113,3845.2547431479998,1925787.2738944972,146504.62478815787,10877.795954429394,6775.669763885638,7140.249363379921,10721319.390795372,430300067.56233644,0.0,6027.080236193259,52862653.44842159,105458.01750051342,41912.40868483006,7495.453196114151,1065779.189709893,1246081056.599941,1151060.2748799592,67652975.758453,1019276.5490464658,670806300.3422945,20497191.148778703,8983903.219426457,8719666.8521832,1094091.3504462203,835975285.5565773,1000922878.9616507,1023.390559627713,1840.3194783184065,7569336.822014938,439975.48879703425,2209.6551688056693,351122.3697850158,2149.0044608794938,12756522.454023413,0.0,240772.5986647186,1975484.0815379748,0.0,15712230.416689264,637964.458755703,12347747.063750252,6936946.873366619,20235876.3422614,179101374.92134735,0.0,49155.41191405877,5430.396481039892,7967436.119048311,7827.27471415493,8315.292137309872,113690.70019229355,7876.45569472574,32249.28753198688,48289480.59580967,54112753.4258847,112031484.5489572,69190.72430204172,27844732.204854187,326943.6910169474,15805.37219575925,729248922.8468398,3911418.8780392087,12920316.51823413,3757423.091742894,455390036.34259325,583.7200154050236,30219.790214911525,76970425.39968304,2727111.1648038565,Treat
212512.47102061752,2108585709.0934515,181620443.62581804,578070424.4405146,116419200.26873158,9810485.376533639,2667404.342093445,272697.1457257136,2494933.1490270896,426034.7573422683,58345092.559538506,204111.42888428774,140034689.65369523,48798.277114266144,6051738342.581242,3369867.879303451,3961913.090576415,13873182.596689546,1252801.4901295959,674895.9689817525,76082703.80837294,2468378.0185176195,382125871.4535107,1118492.5931503256,98674208.14721005,215675.3878764882,562838121.7283634,229795.72414819768,0.0,155869.05223924806,1536220.1007897202,1268.5156073616229,362212575.2815509,311018728.9555855,356741.50406246097,1046592.2576817232,7954.85041170271,0.0,240091.95201958762,23176.17355775239,13675.394937676818,14675.406605086395,22837624.203650028,853077329.8604875,0.0,12092.397390987222,115531759.77557491,222722.90358251662,85508.01242249267,0.0,2355993.16222301,2819843029.10714,2257055.6699306746,138207381.93865913,2011750.9798996793,1366268527.847616,34706247.7123869,16325082.3296097,18293249.72318969,2374428.1336630536,1753692150.0585244,1772071311.1906953,0.0,3559.926634376228,15383689.907584215,897097.606176636,4580.407825824431,800556.9169280886,4099.160807531734,25865144.812767707,0.0,521659.7894197096,4340156.428343693,0.0,30687474.57686725,1193570.6619506574,27935307.103891604,15149559.860084197,41111545.49270705,357038793.110247,2449.289108735578,114571.8025223099,11009.425997795415,15226433.096224107,16251.741586694603,16422.223376878093,221615.01962237165,16473.723634291793,70664.37241197439,101995741.84795462,106031626.46271245,232128524.07813412,147897.29845362937,53285644.313291915,678441.6544317197,34821.480156966594,1468719419.0020223,8004825.153013444,26707966.818782385,7943184.11502491,957226569.7305863,1445.2048075360192,59283.80179273752,165183413.83747074,5761538.172047767,Treat
110559.3293832357,1104103672.687782,95186473.16793527,307083794.58049595,61634504.15186975,5297541.456441587,1425983.6966272597,144554.07827637525,1330595.665379127,226166.30581833728,30751237.872313164,107892.69184386864,74207681.76454689,25529.958836718604,3130893884.9441752,1802302.8577806938,2102395.923759256,7242610.643902903,659647.9043274237,359737.2372527862,41120167.4515227,1298745.8869026662,203915517.71205083,601975.1299421448,52379898.88902422,108822.26949662696,300278565.2543774,124654.4563577943,0.0,84577.50883554762,824095.2633424143,663.7469089762626,187868807.5393064,160613361.1994515,191778.5407511696,550752.4298291389,4186.732656218292,0.0,127483.65224186332,12042.28792956295,7339.178048717044,7751.817145014958,11911436.679819232,466621092.2313121,0.0,6373.390555731284,57634921.85025433,114016.90884744725,45879.13829107207,0.0,1295054.5352411824,1497948879.5429952,1200400.6271342004,72997505.0466147,1057664.69235507,719439489.9238635,18640362.220804904,8532495.6076327,9372642.103733126,1253059.520883258,943958726.7238652,912137212.2481556,1074.513940682698,1855.1976513459474,7952300.982758771,495367.0177153735,2475.766886528629,426410.6226079823,2182.1761549324137,0.0,0.0,273538.5716110833,2373550.433294905,0.0,16006628.056296043,621613.4664049688,14569762.152389081,7931082.4543442605,21204119.56511734,188379224.31485832,1326.9099061308161,58532.02008950927,5809.761696550038,8024497.604549118,8541.47220120869,8756.196110614119,117124.78182542665,8748.244600285714,37490.2586123982,55204743.19948534,56279452.49420715,126424041.72264272,78192.71336185923,27729041.281198904,355629.6332710781,18994.557882860114,777406507.3799908,4252774.784090091,14037517.828542622,4195085.694668021,510944392.0130396,790.7771216670432,31441.977274505727,84595587.08104856,3069163.717854218,Treat
38336.42543385696,384480985.1961779,32465806.892930917,105918894.87696114,21271258.73522019,1784454.8277101521,488864.5477952941,49246.13062383658,445623.32713755796,78458.12630103565,10610452.987014629,36940.448650977145,25405372.943500146,8720.157933395505,1109245248.0077813,620083.2403292347,712781.4734235522,2508582.2296790555,218965.98379712386,122067.92316402202,13750343.398228206,460257.44949968875,69527468.88700746,206560.1556821121,17404406.878186405,39374.82941148527,99456656.69144046,41777.85073291438,0.0,28279.34766355749,265592.6950460563,224.41984702634326,66600164.87831515,56360438.69037535,66976.09682247587,188319.62816550853,1413.8697544528784,0.0,46040.558594879665,4171.860200856304,2459.885648322919,2611.125493446854,4032235.7269301345,165419568.25569063,3091.532072965684,2098.0429372235835,20514379.640955925,39976.167402023275,15703.233863173402,0.0,421480.03563472244,502029029.67139846,427684.70008009765,25056905.43105419,341841.3465131496,247043432.83056238,6277651.728687584,3001903.621841414,3283839.8178910078,437706.7094456305,320898470.70070374,323404436.9300387,355.9281257341503,673.3028471735072,2926495.8921264755,156119.12487102716,776.5899156775181,143890.18546820522,738.7358160337037,4686887.182577289,0.0,92478.66605278706,796019.9482053161,0.0,5774325.619842177,223594.33985765747,5230090.46715167,2723154.1420829883,7360256.468152368,65335226.710790575,450.8351519267937,19659.324856694882,1982.082938535036,2759489.579223456,2894.9247972126377,3026.07911849115,39402.78665257522,2998.0435184043854,12911.476613310428,18577873.978564344,19287466.504429888,38754520.554355696,26877.273494761044,9675570.042526847,122730.42073020109,6279.510497125706,263490027.85263866,1491851.2807825455,4852333.047704118,1437544.6207954758,175771793.51008254,269.08677798769793,10835.167644438112,28658531.158967465,1061455.5480598416,Treat
98872.7666389842,997311030.154761,84563471.61976466,0.0,53969214.611683615,4611457.515882027,1198996.5282814498,125878.50773682179,1129033.2160654615,200960.88243911875,27209466.421504322,94795.09406498031,65769520.345376,22911.059364119214,2813833774.486328,1563158.636873053,1854809.2476362519,6588942.8442475675,564406.6222547417,314812.32729179383,34993017.821695745,1153948.684506769,178244721.69887117,514043.9494647461,46171002.4995232,99306.85391484252,259559588.61874112,110482.90783331894,0.0,69367.63450890039,688512.8661171888,565.1349066508583,167109609.1303636,146125131.74658355,166439.34572477383,476652.99783286283,3595.626011048153,0.0,110416.19889359717,10427.928592439606,6313.558163366092,6848.194757966749,10580083.551822497,380277466.99983984,0.0,5479.50997543777,56028046.947570905,102519.3626870241,40391.27228984465,0.0,1133079.7452357945,1323539899.6345031,1074198.1569048378,62560909.37796174,928793.9394602373,632139039.965773,16212290.413207792,7738848.145555743,8524906.324101357,1087820.877558317,818182921.2184145,816292869.9940095,911.1442084205952,1638.3544262734779,7324683.394729773,425733.8350695213,2138.1304030570554,372301.3097542049,1911.0409013970768,12312336.831395395,0.0,241866.83079553398,2025955.4238716154,0.0,14275354.270770555,576432.1894852534,13174840.758201256,6946622.978621484,19244541.135366257,168141284.49630946,1195.2532104941167,53680.40067726781,5235.732865527535,7147065.733234523,7523.771356986132,7667.15911419072,101283.69834697919,7338.211407188697,34247.72391435549,47690813.785548635,49808774.90089087,108681507.81150384,68873.16275867932,24956897.443155088,307031.3759591595,16329.939848195087,675434248.4085228,3731794.0462724813,12406496.021860646,3669290.926560079,449549466.08061826,700.8732106037338,27225.461875291454,76051124.90014999,2669671.0689813853,Treat
28332.930052161722,283486006.532813,24299786.583653267,74189764.31708404,15627622.999456353,1319697.163474259,361946.89258903044,36257.08903423785,331020.7678773005,57285.29962257185,7746752.719953471,27299.61757340746,18958226.02390508,6566.20926727778,796611592.2375652,448952.01295348216,525380.1331369719,1783794.6609279336,165610.4043849352,91150.11018879736,10256940.007865025,325226.0043209315,51147825.27813745,150902.69839320207,13254942.52453243,29201.25499704072,75798280.34478068,31349.94308281952,0.0,20782.530821190845,199896.224226413,167.19929622678038,47308674.77148987,41677095.43864247,50246.9034383512,139141.0070986638,1021.3609795366078,0.0,32614.353131962656,2984.95519612206,1888.4317351840532,1967.159976097201,2980544.3312053126,113397006.47952227,0.0,1607.53797145881,15602220.599148484,29894.584098459134,11745.33816452512,0.0,317909.2998147888,370315613.1718886,316443.54762439855,18463118.673767112,266672.0280416652,182914987.92273912,4822315.510048736,2248404.3242350975,2459125.3665054194,308603.11041982693,236071497.52102348,238692967.80574384,0.0,468.5120174325316,2045762.4487947992,117843.17433131191,618.1793511757921,105386.55977256395,537.3929853149734,0.0,0.0,69953.74548421925,577041.3006861832,0.0,4319352.126684192,157978.16848762857,3604658.0164140817,2016996.940366376,5467799.978379713,48328988.78808319,326.0990280880052,15242.890220636558,1545.1309501601775,2042997.757252362,2139.8351759792627,2191.572642122971,30658.693094832233,2210.704094423514,9651.098647287656,14152277.807050562,14156450.572879476,30149071.202262025,19658.43166668867,7168295.399012734,89203.30217621014,4729.842331889251,195403398.92665052,1084178.3339111572,3565900.907655953,1061240.099165197,128357203.72088045,191.75577598686257,8252.972680723398,21768218.20982054,762724.7732431792,Treat
